ear_mean,ear_min,yaw_mean,yaw_std,pitch_mean,pitch_std,frown_mean,nose_delta_sum,gaze_variance_mean,shoulder_angle_mean,mar_mean,roll_angle_mean,label,label_name
0.3993,0.3746,0.5495,0.0281,0.6090,0.0133,0.4327,0.1159,0.0007,109.2348,0.0500,0.00,0,ENFOQUE / ESTUDIO NORMAL
0.4090,0.3568,0.5466,0.0176,0.6381,0.0062,0.4475,0.0811,0.0004,102.8197,0.0500,0.00,0,ENFOQUE / ESTUDIO NORMAL
0.3552,0.2862,0.5507,0.0235,0.6693,0.0133,0.4451,0.1583,0.0003,101.2815,0.0500,0.00,0,ENFOQUE / ESTUDIO NORMAL
0.3678,0.3389,0.5403,0.0371,0.6815,0.0121,0.4477,0.1400,0.0004,105.4531,0.0500,0.00,0,ENFOQUE / ESTUDIO NORMAL
0.3908,0.3549,0.5438,0.0186,0.6468,0.0286,0.4449,0.1644,0.0004,102.7300,0.0500,0.00,0,ENFOQUE / ESTUDIO NORMAL
0.3915,0.3703,0.5314,0.0439,0.6528,0.0178,0.4459,0.3012,0.0004,99.5101,0.0500,0.00,0,ENFOQUE / ESTUDIO NORMAL
0.3821,0.3228,0.5649,0.0495,0.6429,0.0304,0.4425,0.3348,0.0012,108.7802,0.0500,0.00,0,ENFOQUE / ESTUDIO NORMAL
0.3934,0.3696,0.5383,0.0235,0.6309,0.0076,0.4355,0.1748,0.0011,110.6178,0.0500,0.00,0,ENFOQUE / ESTUDIO NORMAL
0.4126,0.3882,0.5292,0.0169,0.6424,0.0084,0.4317,0.1659,0.0002,105.9876,0.0500,0.00,0,ENFOQUE / ESTUDIO NORMAL
0.3905,0.2821,0.5757,0.0178,0.5607,0.0770,0.4446,0.3199,0.0005,104.1551,0.0500,0.00,0,ENFOQUE / ESTUDIO NORMAL
0.3940,0.3248,0.5505,0.0153,0.6364,0.0342,0.4287,0.4117,0.0011,103.9807,0.0500,0.00,0,ENFOQUE / ESTUDIO NORMAL
0.3847,0.3288,0.5437,0.0521,0.6084,0.0225,0.4276,0.6939,0.0014,117.4499,0.0500,0.00,0,ENFOQUE / ESTUDIO NORMAL
0.4047,0.3305,0.5319,0.1498,0.6224,0.0297,0.4194,0.5624,0.0091,103.0651,0.0500,0.00,0,ENFOQUE / ESTUDIO NORMAL
0.4111,0.3537,0.5255,0.0351,0.6314,0.0134,0.4194,0.2809,0.0046,102.8360,0.0500,0.00,0,ENFOQUE / ESTUDIO NORMAL
0.3827,0.3203,0.5007,0.0650,0.6046,0.0136,0.4272,0.3397,0.0010,102.1690,0.0500,0.00,0,ENFOQUE / ESTUDIO NORMAL
0.3314,0.2779,0.5877,0.0597,0.5818,0.0350,0.4202,0.2298,0.0035,100.4310,0.0500,0.00,0,ENFOQUE / ESTUDIO NORMAL
0.3195,0.2679,0.5084,0.0121,0.4899,0.0244,0.3998,0.0446,0.0018,119.5973,0.0500,0.00,0,ENFOQUE / ESTUDIO NORMAL
0.2795,0.2222,0.5226,0.0176,0.4586,0.0581,0.4005,0.1244,0.0004,111.7167,0.0500,0.00,0,ENFOQUE / ESTUDIO NORMAL
0.3479,0.2720,0.5111,0.0408,0.5498,0.0823,0.4121,0.2007,0.0009,121.9112,0.0500,0.00,0,ENFOQUE / ESTUDIO NORMAL
0.3954,0.3610,0.5341,0.0549,0.5726,0.0133,0.4229,0.2695,0.0007,107.8292,0.0500,0.00,0,ENFOQUE / ESTUDIO NORMAL
0.4085,0.3607,0.5684,0.0221,0.5856,0.0443,0.4149,0.8115,0.0009,106.9893,0.0500,0.00,0,ENFOQUE / ESTUDIO NORMAL
0.3852,0.3357,0.5875,0.0812,0.5843,0.0217,0.4154,0.4052,0.0009,113.9626,0.0500,0.00,0,ENFOQUE / ESTUDIO NORMAL
0.3809,0.2685,0.5314,0.0226,0.5551,0.0332,0.4099,0.6359,0.0014,111.3914,0.0500,0.00,0,ENFOQUE / ESTUDIO NORMAL
0.4035,0.3666,0.5551,0.0076,0.5818,0.0077,0.4172,0.1041,0.0006,110.5779,0.0500,0.00,0,ENFOQUE / ESTUDIO NORMAL
0.4136,0.3694,0.4947,0.0144,0.5934,0.0250,0.4071,0.1180,0.0001,111.7943,0.0500,0.00,0,ENFOQUE / ESTUDIO NORMAL
0.3888,0.3063,0.5149,0.0960,0.5658,0.0294,0.4074,0.3722,0.0005,109.5456,0.0500,0.00,0,ENFOQUE / ESTUDIO NORMAL
0.3961,0.3428,0.5062,0.1393,0.5883,0.0135,0.4144,0.4516,0.0042,105.7713,0.0500,0.00,0,ENFOQUE / ESTUDIO NORMAL
0.4018,0.3580,0.4908,0.0616,0.6006,0.0124,0.4247,0.3230,0.0047,109.6881,0.0500,0.00,0,ENFOQUE / ESTUDIO NORMAL
0.3704,0.2728,0.5452,0.0682,0.5760,0.0205,0.4261,0.3134,0.0019,107.9281,0.0500,0.00,0,ENFOQUE / ESTUDIO NORMAL
0.3893,0.2656,0.5811,0.0219,0.5954,0.0297,0.4311,0.2041,0.0011,104.6161,0.0500,0.00,0,ENFOQUE / ESTUDIO NORMAL
0.2938,0.2272,0.5404,0.0151,0.3395,0.0780,0.4046,0.2146,0.0018,106.5732,0.0500,0.00,0,ENFOQUE / ESTUDIO NORMAL
0.3196,0.2465,0.5700,0.0207,0.4357,0.0904,0.4144,0.2743,0.0008,105.3936,0.0500,0.00,0,ENFOQUE / ESTUDIO NORMAL
0.3978,0.3489,0.5635,0.0191,0.5794,0.0462,0.4147,0.2849,0.0009,104.5738,0.0500,0.00,0,ENFOQUE / ESTUDIO NORMAL
0.3935,0.3539,0.5687,0.0145,0.5728,0.0248,0.4128,0.2424,0.0005,105.5567,0.0500,0.00,0,ENFOQUE / ESTUDIO NORMAL
0.3892,0.3454,0.5852,0.0109,0.5666,0.0199,0.4094,0.1811,0.0004,107.4107,0.0500,0.00,0,ENFOQUE / ESTUDIO NORMAL
0.3854,0.3144,0.5780,0.0102,0.5893,0.0145,0.4082,0.1534,0.0004,104.6775,0.0500,0.00,0,ENFOQUE / ESTUDIO NORMAL
0.4061,0.3768,0.5631,0.0108,0.5978,0.0155,0.4064,0.1414,0.0002,105.8227,0.0500,0.00,0,ENFOQUE / ESTUDIO NORMAL
0.4049,0.3581,0.5207,0.0734,0.5939,0.0375,0.4219,0.4919,0.0011,102.3541,0.0500,0.00,0,ENFOQUE / ESTUDIO NORMAL
0.3817,0.3093,0.5776,0.0280,0.5752,0.0084,0.4206,0.2887,0.0040,114.3038,0.0500,0.00,0,ENFOQUE / ESTUDIO NORMAL
0.3920,0.3424,0.6596,0.1627,0.5610,0.0224,0.4147,0.2108,0.0021,104.3929,0.0500,0.00,0,ENFOQUE / ESTUDIO NORMAL
0.3741,0.3400,0.9431,0.0333,0.5233,0.0268,0.3567,0.0935,0.0019,202.5194,0.0500,0.00,1,DISTRACCIÓN
0.2747,0.2419,0.7748,0.0628,0.5254,0.0401,0.3610,0.0701,0.0005,235.1319,0.0500,0.00,1,DISTRACCIÓN
0.4139,0.2940,0.9323,0.1323,0.6055,0.0242,0.3474,0.0876,0.0005,157.3696,0.0500,0.00,1,DISTRACCIÓN
0.3658,0.2433,0.8102,0.2464,0.5532,0.0435,0.3650,0.2554,0.0008,241.9893,0.0500,0.00,1,DISTRACCIÓN
1.0702,0.4072,-0.2447,0.2035,0.5793,0.0262,0.3297,0.2068,0.0132,122.4225,0.0500,0.00,1,DISTRACCIÓN
0.4257,0.3286,0.2861,0.2538,0.6176,0.0566,0.3897,0.1970,0.0026,107.8007,0.0500,0.00,1,DISTRACCIÓN
0.3833,0.3380,0.4136,0.0147,0.7999,0.0145,0.4255,0.0891,0.0027,127.4730,0.0500,0.00,1,DISTRACCIÓN
0.3939,0.3238,0.4777,0.0625,0.7866,0.0207,0.4376,0.1648,0.0006,109.0437,0.0500,0.00,1,DISTRACCIÓN
0.9023,0.3184,-0.0832,0.2664,0.6010,0.0982,0.3572,0.4173,0.0047,100.4948,0.0500,0.00,1,DISTRACCIÓN
0.7990,0.6373,-0.2210,0.0375,0.5137,0.0083,0.3418,0.0293,0.0031,99.7174,0.0500,0.00,1,DISTRACCIÓN
0.8092,0.7562,-0.1720,0.0185,0.5155,0.0040,0.3468,0.0137,0.0000,97.5344,0.0500,0.00,1,DISTRACCIÓN
0.7627,0.4193,-0.1518,0.0423,0.5179,0.0068,0.3483,0.0378,0.0000,96.0039,0.0500,0.00,1,DISTRACCIÓN
0.3697,0.3113,0.4256,0.0786,0.5230,0.0121,0.3974,0.2017,0.0036,103.2303,0.0500,0.00,1,DISTRACCIÓN
0.3862,0.3546,0.6712,0.1088,0.5624,0.0131,0.3919,0.1130,0.0019,102.2534,0.0500,0.00,1,DISTRACCIÓN
0.3403,0.3117,0.6439,0.0260,0.5555,0.0054,0.3995,0.0540,0.0003,101.2899,0.0500,0.00,1,DISTRACCIÓN
0.3629,0.3167,0.6163,0.0117,0.5519,0.0065,0.4048,0.0378,0.0001,101.6675,0.0500,0.00,1,DISTRACCIÓN
0.3461,0.3113,0.5826,0.0137,0.5514,0.0144,0.4068,0.0743,0.0001,99.8913,0.1800,0.00,2,FATIGA
0.3238,0.2428,0.5481,0.0712,0.5095,0.1764,0.3959,0.3066,0.0007,110.7025,0.1800,0.00,2,FATIGA
0.2703,0.2016,0.5963,0.3295,0.5621,0.1549,0.3882,1.2319,0.0032,180.1740,0.1800,0.00,2,FATIGA
0.3460,0.2844,0.5027,0.2159,0.6578,0.0333,0.3957,0.9154,0.0028,132.5351,0.1800,0.00,2,FATIGA
0.3106,0.2396,0.5680,0.0930,0.6229,0.0232,0.3949,0.3758,0.0021,99.8844,0.1800,0.00,2,FATIGA
0.2831,0.2517,0.5725,0.0330,0.4724,0.0804,0.3888,0.2735,0.0018,183.1698,0.1800,0.00,2,FATIGA
0.3451,0.2328,0.5022,0.0586,0.6030,0.0145,0.3935,0.3097,0.0011,101.6010,0.1800,0.00,2,FATIGA
0.3498,0.2863,0.5007,0.0546,0.7166,0.0869,0.3912,0.2471,0.0015,104.1380,0.1800,0.00,2,FATIGA
0.3314,0.2738,0.5800,0.0301,0.7728,0.0146,0.4055,0.0877,0.0020,103.7573,0.1800,0.00,2,FATIGA
0.2914,0.2118,0.4904,0.0552,0.4292,0.1582,0.3845,0.3523,0.0034,105.8423,0.1800,0.00,2,FATIGA
0.2449,0.1909,0.4914,0.0286,0.5788,0.0490,0.3917,0.2495,0.0011,106.3603,0.1800,0.00,2,FATIGA
0.3296,0.2726,0.4943,0.0348,0.6175,0.1758,0.4142,0.4365,0.0020,187.7414,0.1800,0.00,2,FATIGA
0.3654,0.2507,0.5032,0.0169,0.5693,0.1337,0.4144,0.3281,0.0034,216.5266,0.1800,0.00,2,FATIGA
0.3480,0.2806,0.5183,0.0217,0.6591,0.0549,0.4060,0.2151,0.0015,221.6701,0.1800,0.00,2,FATIGA
0.2977,0.2725,0.5072,0.0183,0.6412,0.0116,0.3947,0.0737,0.0005,148.0073,0.1800,0.00,2,FATIGA
0.3029,0.2478,0.6695,0.1721,0.5875,0.0156,0.3876,0.2706,0.0006,123.6500,0.1800,0.00,2,FATIGA
0.3067,0.1741,0.6071,0.3129,0.5443,0.0987,0.3790,0.9200,0.0049,149.3943,0.1800,0.00,2,FATIGA
0.3538,0.2663,0.4120,0.0376,0.4961,0.0669,0.4027,0.5327,0.0061,188.7992,0.1800,0.00,2,FATIGA
0.3545,0.2261,0.4733,0.0145,0.5402,0.0166,0.4091,0.1185,0.0026,151.4887,0.1800,0.00,2,FATIGA
0.3819,0.3094,0.5195,0.1319,0.5502,0.0250,0.4046,0.2745,0.0007,104.6624,0.1800,0.00,3,SOBREESTIMULACIÓN
0.3132,0.2379,0.6931,0.1263,0.5037,0.0509,0.3922,0.5228,0.0024,109.4372,0.1800,0.00,3,SOBREESTIMULACIÓN
0.3511,0.2171,0.4652,0.1673,0.5784,0.0704,0.4112,0.5603,0.0044,101.8559,0.1800,0.00,3,SOBREESTIMULACIÓN
0.2991,0.1837,0.5401,0.0211,0.4949,0.1472,0.4158,0.6509,0.0033,104.4269,0.1800,0.00,3,SOBREESTIMULACIÓN
0.4195,0.3084,0.4221,0.0680,0.6466,0.0305,0.4086,0.2875,0.0028,103.8149,0.1800,0.00,3,SOBREESTIMULACIÓN
0.3699,0.3106,0.5272,0.0428,0.6160,0.0242,0.4182,0.2135,0.0038,109.0081,0.1800,0.00,3,SOBREESTIMULACIÓN
0.3827,0.3337,0.4824,0.0067,0.6336,0.0066,0.4137,0.0355,0.0024,192.3471,0.1800,0.00,3,SOBREESTIMULACIÓN
0.3998,0.3819,0.5047,0.0033,0.6404,0.0115,0.4097,0.0529,0.0000,201.9670,0.1800,0.00,3,SOBREESTIMULACIÓN
0.3639,0.1925,0.4962,0.0296,0.6068,0.0634,0.4086,0.1736,0.0003,137.0641,0.0500,0.00,4,AGOBIO POSTURAL
0.1629,0.1316,0.4326,0.0226,0.4472,0.0197,0.3799,0.1411,0.0030,257.1349,0.0500,0.00,4,AGOBIO POSTURAL
0.2085,0.1143,0.5360,0.0331,0.4148,0.0623,0.3813,0.4182,0.0171,119.5502,0.0500,0.00,4,AGOBIO POSTURAL
0.2705,0.2221,0.5239,0.0210,0.3922,0.0621,0.3845,0.2125,0.0123,97.2501,0.0500,0.00,4,AGOBIO POSTURAL
0.3806,0.2889,0.4847,0.1136,0.6378,0.0344,0.4045,0.3211,0.0043,102.3608,0.0500,0.00,4,AGOBIO POSTURAL
0.5666,0.4162,0.3450,0.1655,0.7555,0.0505,0.3782,0.2323,0.0044,100.1298,0.0500,0.00,4,AGOBIO POSTURAL
0.5538,0.3081,0.4245,0.2711,0.6834,0.0378,0.3884,0.3159,0.0025,99.6529,0.0500,0.00,4,AGOBIO POSTURAL
0.3777,0.3071,0.6130,0.2177,0.7174,0.0363,0.4171,0.5893,0.0034,150.3405,0.0500,0.00,4,AGOBIO POSTURAL
0.4138,0.3750,0.5554,0.0228,0.7391,0.0644,0.4282,0.3601,0.0016,101.6150,0.0500,0.00,4,AGOBIO POSTURAL
0.3403,0.2978,0.5753,0.0200,0.5696,0.0751,0.4116,0.1873,0.0011,99.3438,0.0500,0.00,4,AGOBIO POSTURAL
0.2759,0.2555,0.6675,0.0757,0.4513,0.0424,0.3935,0.1207,0.0004,99.4894,0.0500,0.00,4,AGOBIO POSTURAL
0.2406,0.2043,0.7418,0.0264,0.3518,0.0238,0.3751,0.1250,0.0005,103.5592,0.0500,0.00,4,AGOBIO POSTURAL
0.3513,0.2190,0.5783,0.0971,0.6267,0.1163,0.4196,0.2790,0.0025,106.6451,0.0500,0.00,4,AGOBIO POSTURAL
0.3663,0.3456,0.5228,0.0338,0.7748,0.0552,0.4385,0.1082,0.0017,156.5819,0.0500,0.00,4,AGOBIO POSTURAL
0.3676,0.3049,0.5044,0.0331,0.7047,0.0978,0.4133,0.1450,0.0005,125.0909,0.0500,0.00,4,AGOBIO POSTURAL
0.3296,0.2708,0.5877,0.0204,0.5523,0.0265,0.3932,0.0449,0.0010,100.2750,0.0500,0.00,4,AGOBIO POSTURAL
0.3565,0.3151,0.5661,0.0015,0.6186,0.0050,0.4132,0.0161,0.0000,100.3943,0.0500,0.00,0,ENFOQUE / ESTUDIO NORMAL
0.3277,0.2714,0.5691,0.0032,0.6154,0.0044,0.4158,0.0244,0.0000,99.9129,0.0500,0.00,0,ENFOQUE / ESTUDIO NORMAL
0.3398,0.2592,0.6097,0.0251,0.6130,0.0173,0.4182,0.2041,0.0006,98.1041,0.0500,0.00,0,ENFOQUE / ESTUDIO NORMAL
0.3589,0.2955,0.5546,0.0131,0.6581,0.0113,0.4254,0.0688,0.0019,99.9507,0.0500,0.00,0,ENFOQUE / ESTUDIO NORMAL
0.3498,0.3356,0.5388,0.0048,0.6461,0.0146,0.4189,0.0363,0.0003,100.5276,0.0500,0.00,0,ENFOQUE / ESTUDIO NORMAL
0.3596,0.3252,0.5352,0.0191,0.6142,0.0412,0.4220,0.1043,0.0001,100.7414,0.0500,0.00,0,ENFOQUE / ESTUDIO NORMAL
0.3492,0.2722,0.5360,0.0362,0.6020,0.0224,0.4221,0.1776,0.0001,99.8109,0.0500,0.00,0,ENFOQUE / ESTUDIO NORMAL
0.3914,0.3134,0.4945,0.0490,0.6157,0.0370,0.4216,0.2601,0.0006,98.7763,0.0500,0.00,0,ENFOQUE / ESTUDIO NORMAL
0.3408,0.2456,0.5254,0.0201,0.6418,0.0246,0.4194,0.2255,0.0010,100.1835,0.0500,0.00,0,ENFOQUE / ESTUDIO NORMAL
0.3734,0.3056,0.4870,0.0134,0.7362,0.0300,0.4398,0.1356,0.0015,100.3923,0.0500,0.00,0,ENFOQUE / ESTUDIO NORMAL
0.4114,0.3966,0.5119,0.0101,0.6912,0.0091,0.4242,0.0395,0.0004,101.3451,0.0500,0.00,0,ENFOQUE / ESTUDIO NORMAL
0.3951,0.3719,0.5212,0.0053,0.6827,0.0073,0.4149,0.0469,0.0001,99.9465,0.0500,0.00,0,ENFOQUE / ESTUDIO NORMAL
0.3813,0.3180,0.5227,0.0111,0.6818,0.0219,0.4231,0.2501,0.0001,99.3135,0.0500,0.00,0,ENFOQUE / ESTUDIO NORMAL
0.4140,0.3834,0.5523,0.0150,0.6987,0.0195,0.4273,0.2768,0.0006,97.1051,0.0500,0.00,0,ENFOQUE / ESTUDIO NORMAL
0.4541,0.3877,0.3987,0.0760,0.6654,0.0084,0.4245,0.1974,0.0014,100.4566,0.0500,0.00,0,ENFOQUE / ESTUDIO NORMAL
0.4243,0.3877,0.4312,0.0537,0.6584,0.0082,0.4243,0.1314,0.0010,101.9536,0.0500,0.00,0,ENFOQUE / ESTUDIO NORMAL
0.3358,0.2766,0.5705,0.0183,0.6189,0.0137,0.4167,0.1753,0.0012,100.6935,0.0500,0.00,0,ENFOQUE / ESTUDIO NORMAL
0.3659,0.3031,0.5838,0.0205,0.5974,0.0060,0.4135,0.0508,0.0017,103.6985,0.0500,0.00,0,ENFOQUE / ESTUDIO NORMAL
0.3765,0.1990,0.8253,0.1212,0.5722,0.0103,0.3978,0.2475,0.0019,90.9535,0.0500,0.00,1,DISTRACCIÓN
0.4047,0.3816,0.8540,0.0303,0.5178,0.0224,0.3895,0.1143,0.0005,90.6818,0.0500,0.00,1,DISTRACCIÓN
0.4566,0.3182,0.5281,0.4886,0.5469,0.0402,0.3821,0.5137,0.0018,89.7296,0.0500,0.00,1,DISTRACCIÓN
0.6852,0.4360,0.1301,0.2896,0.7147,0.0696,0.3487,0.3457,0.0194,93.7690,0.0500,0.00,1,DISTRACCIÓN
0.4730,0.4097,0.4245,0.0519,0.8060,0.0537,0.3858,0.2156,0.0035,94.8692,0.0500,0.00,1,DISTRACCIÓN
0.3878,0.1779,0.3616,0.1771,0.5634,0.1059,0.3919,0.5394,0.0063,97.9353,0.0500,0.00,1,DISTRACCIÓN
0.3357,0.2868,0.4675,0.0187,0.6727,0.0497,0.4504,0.2356,0.0059,100.2228,0.0500,0.00,1,DISTRACCIÓN
0.4248,0.3414,0.4095,0.1102,0.6783,0.0317,0.4187,0.5793,0.0099,95.9531,0.0500,0.00,1,DISTRACCIÓN
0.3593,0.3131,0.5054,0.0454,0.8218,0.0454,0.4521,0.1418,0.0141,124.0894,0.0500,0.00,1,DISTRACCIÓN
0.3614,0.3364,0.4942,0.0140,0.8302,0.0144,0.4566,0.0465,0.0011,193.3472,0.0500,0.00,1,DISTRACCIÓN
0.4668,0.4290,0.4280,0.0260,0.7712,0.0246,0.4398,0.0661,0.0002,249.7809,0.0500,0.00,1,DISTRACCIÓN
0.4444,0.4156,0.4258,0.0078,0.7881,0.0073,0.4377,0.0297,0.0001,248.2073,0.0500,0.00,1,DISTRACCIÓN
0.4312,0.4038,0.4360,0.0106,0.7784,0.0187,0.4431,0.0534,0.0001,246.9946,0.0500,0.00,1,DISTRACCIÓN
0.4355,0.3967,0.4475,0.0141,0.7785,0.0121,0.4439,0.0367,0.0001,253.1407,0.0500,0.00,1,DISTRACCIÓN
0.4106,0.3809,0.4622,0.0074,0.7547,0.0161,0.4402,0.0422,0.0000,138.7440,0.0500,0.00,1,DISTRACCIÓN
0.4260,0.4111,0.4739,0.0088,0.7669,0.0155,0.4402,0.0305,0.0000,143.8379,0.0500,0.00,1,DISTRACCIÓN
0.4297,0.4061,0.4735,0.0092,0.7853,0.0074,0.4491,0.0216,0.0000,249.7190,0.0500,0.00,1,DISTRACCIÓN
0.4291,0.3883,0.4651,0.0103,0.7448,0.0165,0.4344,0.0502,0.0001,130.5546,0.0500,0.00,1,DISTRACCIÓN
0.4372,0.4095,0.4634,0.0055,0.7535,0.0096,0.4337,0.0246,0.0000,134.7378,0.0500,0.00,1,DISTRACCIÓN
0.4247,0.4092,0.4747,0.0070,0.7604,0.0063,0.4334,0.0206,0.0000,125.2986,0.0500,0.00,1,DISTRACCIÓN
0.4171,0.3680,0.4820,0.0090,0.7617,0.0087,0.4340,0.0275,0.0000,179.8021,0.0500,0.00,1,DISTRACCIÓN
0.4187,0.4110,0.4830,0.0058,0.7659,0.0075,0.4359,0.0271,0.0000,250.3288,0.0500,0.00,1,DISTRACCIÓN
0.4064,0.3816,0.4884,0.0051,0.7691,0.0099,0.4348,0.0214,0.0000,239.0256,0.0500,0.00,1,DISTRACCIÓN
0.4082,0.3734,0.4863,0.0046,0.7639,0.0057,0.4365,0.0193,0.0000,249.9310,0.0500,0.00,1,DISTRACCIÓN
0.3546,0.1997,0.5899,0.1046,0.7386,0.0822,0.4229,0.3943,0.0008,206.9109,0.0500,0.00,1,DISTRACCIÓN
0.2282,0.1903,0.8780,0.0433,0.6273,0.0242,0.3621,0.0492,0.0102,254.0971,0.0500,0.00,1,DISTRACCIÓN
0.3506,0.2170,0.5460,0.0336,0.5430,0.2287,0.4151,0.5546,0.0029,203.7886,0.0500,0.00,1,DISTRACCIÓN
0.4063,0.3543,0.5172,0.0083,0.6941,0.0126,0.4284,0.0205,0.0043,115.2501,0.0500,0.00,1,DISTRACCIÓN
0.3915,0.2526,0.5303,0.0156,0.6397,0.0483,0.4233,0.1198,0.0002,113.3522,0.1800,0.00,2,FATIGA
0.3534,0.2811,0.5120,0.0149,0.5997,0.0282,0.4108,0.1475,0.0005,116.2105,0.1800,0.00,2,FATIGA
0.3409,0.3030,0.5288,0.0156,0.7016,0.0428,0.4432,0.3059,0.0033,96.9305,0.1800,0.00,2,FATIGA
0.2870,0.2682,0.5595,0.0045,0.6684,0.0048,0.4214,0.0369,0.0017,98.1582,0.1800,0.00,2,FATIGA
0.3305,0.3185,0.5591,0.0053,0.6615,0.0078,0.4266,0.0235,0.0001,93.9718,0.1800,0.00,2,FATIGA
0.3076,0.2732,0.5576,0.0091,0.6690,0.0117,0.4277,0.0456,0.0000,98.1243,0.1800,0.00,2,FATIGA
0.3185,0.2669,0.5587,0.0040,0.6714,0.0071,0.4242,0.0458,0.0001,99.2727,0.1800,0.00,2,FATIGA
0.2825,0.2444,0.5600,0.0095,0.5918,0.0320,0.4216,0.2853,0.0014,96.5930,0.1800,0.00,2,FATIGA
0.2943,0.2297,0.5518,0.0186,0.6177,0.0376,0.4022,0.1911,0.0044,92.1766,0.1800,0.00,2,FATIGA
0.3815,0.3064,0.4574,0.0151,0.7416,0.0361,0.4370,0.2298,0.0037,110.9716,0.1800,0.00,2,FATIGA
0.3504,0.3030,0.4949,0.0103,0.6669,0.0199,0.4247,0.1748,0.0020,85.5078,0.1800,0.00,2,FATIGA
0.3420,0.2951,0.5151,0.0166,0.6834,0.0093,0.4373,0.1859,0.0033,97.5250,0.1800,0.00,2,FATIGA
0.3800,0.3284,0.5258,0.0097,0.7329,0.0187,0.4240,0.0868,0.0048,98.0054,0.1800,0.00,2,FATIGA
0.3525,0.2962,0.5546,0.0120,0.6805,0.0533,0.4414,0.4789,0.0073,96.9890,0.1800,0.00,2,FATIGA
0.3474,0.2937,0.5201,0.0201,0.6728,0.0647,0.4379,0.4552,0.0084,95.8422,0.1800,0.00,2,FATIGA
0.3302,0.2578,0.5958,0.0240,0.6333,0.0184,0.4307,0.2835,0.0112,96.2991,0.1800,0.00,2,FATIGA
0.3401,0.2837,0.5289,0.0180,0.6312,0.0123,0.4440,0.1191,0.0084,99.7980,0.1800,0.00,2,FATIGA
0.2843,0.2266,0.5785,0.0159,0.5775,0.0263,0.4188,0.3405,0.0051,95.2092,0.1800,0.00,2,FATIGA
0.3564,0.3165,0.5799,0.0082,0.5899,0.0070,0.4041,0.0727,0.0044,96.0513,0.1800,0.00,2,FATIGA
0.3211,0.2261,0.5744,0.0135,0.5992,0.0078,0.4287,0.0784,0.0010,105.5158,0.1800,0.00,2,FATIGA
0.3558,0.3070,0.5640,0.0043,0.6125,0.0049,0.4299,0.0341,0.0002,108.1113,0.1800,0.00,2,FATIGA
0.3515,0.3067,0.6157,0.0669,0.6817,0.0744,0.4253,0.4301,0.0015,114.6572,0.1800,0.00,3,SOBREESTIMULACIÓN
0.3667,0.3117,0.5669,0.0543,0.7063,0.0706,0.4306,0.4289,0.0062,142.8156,0.1800,0.00,3,SOBREESTIMULACIÓN
0.3230,0.2313,0.5869,0.1060,0.4585,0.1110,0.4014,0.4528,0.0045,186.8416,0.1800,0.00,3,SOBREESTIMULACIÓN
0.3600,0.3079,0.6984,0.1413,0.5489,0.0359,0.3995,0.2125,0.0023,216.9983,0.1800,0.00,3,SOBREESTIMULACIÓN
0.3499,0.3163,0.5586,0.0171,0.5610,0.0103,0.4008,0.0850,0.0008,174.8928,0.1800,0.00,3,SOBREESTIMULACIÓN
0.3557,0.3380,0.5460,0.0145,0.5725,0.0189,0.4002,0.0715,0.0002,164.0376,0.1800,0.00,3,SOBREESTIMULACIÓN
0.3435,0.2775,0.5644,0.0318,0.6287,0.0674,0.4044,0.1350,0.0002,208.3619,0.1800,0.00,3,SOBREESTIMULACIÓN
0.3783,0.3337,0.5141,0.1873,0.6988,0.0697,0.4210,0.3513,0.0019,247.4075,0.1800,0.00,3,SOBREESTIMULACIÓN
0.4282,0.3118,0.3011,0.1552,0.6108,0.0478,0.3890,0.4493,0.0095,194.3591,0.1800,0.00,3,SOBREESTIMULACIÓN
0.3303,0.2667,0.6631,0.2261,0.6594,0.0563,0.4160,0.5576,0.0062,242.1913,0.1800,0.00,3,SOBREESTIMULACIÓN
0.3556,0.2038,0.5202,0.0776,0.5263,0.0728,0.4161,0.4103,0.0028,237.5449,0.1800,0.00,3,SOBREESTIMULACIÓN
0.3493,0.2578,0.4746,0.0530,0.5082,0.0503,0.4109,0.4469,0.0051,214.7946,0.1800,0.00,3,SOBREESTIMULACIÓN
0.3352,0.2613,0.5444,0.0557,0.6149,0.0231,0.4071,0.2551,0.0060,106.3258,0.1800,0.00,3,SOBREESTIMULACIÓN
0.3297,0.2329,0.5648,0.0325,0.5776,0.0327,0.4013,0.3154,0.0018,173.2266,0.1800,0.00,3,SOBREESTIMULACIÓN
0.3798,0.3160,0.4737,0.0971,0.6169,0.0409,0.4073,0.6049,0.0029,101.0399,0.1800,0.00,3,SOBREESTIMULACIÓN
0.3923,0.2246,0.4733,0.1116,0.5896,0.0641,0.4105,0.5207,0.0020,100.9319,0.1800,0.00,3,SOBREESTIMULACIÓN
0.4339,0.4098,0.4475,0.0083,0.6625,0.0112,0.4183,0.0812,0.0010,103.3688,0.1800,0.00,3,SOBREESTIMULACIÓN
0.3947,0.3629,0.4833,0.0183,0.6522,0.0141,0.4177,0.0905,0.0003,107.0357,0.1800,0.00,3,SOBREESTIMULACIÓN
0.3940,0.2852,0.6117,0.0628,0.7744,0.0544,0.4296,0.1663,0.0007,226.1330,0.0500,0.00,4,AGOBIO POSTURAL
0.3974,0.3744,0.5701,0.0796,0.7954,0.0165,0.4475,0.1026,0.0007,225.8041,0.0500,0.00,4,AGOBIO POSTURAL
0.3660,0.2859,0.4339,0.0572,0.5262,0.0651,0.4016,0.3332,0.0002,141.0199,0.0500,0.00,4,AGOBIO POSTURAL
0.3919,0.3413,0.4963,0.0199,0.6805,0.0807,0.4354,0.4247,0.0039,199.8292,0.0500,0.00,4,AGOBIO POSTURAL
0.3195,0.2198,0.6102,0.3799,0.5240,0.0322,0.3905,0.6081,0.0049,241.2788,0.0500,0.00,4,AGOBIO POSTURAL
0.3957,0.3310,0.4182,0.0456,0.6240,0.0122,0.4033,0.1718,0.0040,102.8748,0.0500,0.00,4,AGOBIO POSTURAL
0.3989,0.3055,0.3864,0.0099,0.6253,0.0119,0.4071,0.0446,0.0012,101.4389,0.0500,0.00,4,AGOBIO POSTURAL
0.2886,0.1909,0.5204,0.0616,0.4293,0.2355,0.4062,0.2970,0.0013,163.4311,0.0500,0.00,4,AGOBIO POSTURAL
0.3988,0.3243,0.4600,0.0242,0.7362,0.0395,0.4281,0.6329,0.0069,153.0475,0.0500,0.00,4,AGOBIO POSTURAL
0.2610,0.2201,0.4473,0.0350,0.5559,0.0236,0.4000,0.2280,0.0111,90.0267,0.0500,0.00,4,AGOBIO POSTURAL
0.2589,0.2245,0.4782,0.0190,0.5702,0.0221,0.4099,0.1847,0.0025,95.3872,0.0500,0.00,4,AGOBIO POSTURAL
0.3102,0.2637,0.4869,0.0132,0.6471,0.0180,0.4088,0.0977,0.0018,96.2929,0.0500,0.00,4,AGOBIO POSTURAL
0.2911,0.2415,0.5229,0.0315,0.6225,0.0247,0.4143,0.2826,0.0017,99.4321,0.0500,0.00,4,AGOBIO POSTURAL
0.3461,0.3046,0.5285,0.0148,0.6947,0.0358,0.4342,0.3425,0.0092,99.7831,0.0500,0.00,4,AGOBIO POSTURAL
0.3694,0.2785,0.5288,0.0055,0.7534,0.0126,0.4505,0.0805,0.0070,96.2636,0.0500,0.00,4,AGOBIO POSTURAL
0.3354,0.2718,0.5104,0.0184,0.6077,0.1073,0.4218,0.4556,0.0054,128.5301,0.0500,0.00,4,AGOBIO POSTURAL
0.3753,0.3260,0.5377,0.0146,0.6796,0.0371,0.4159,0.1950,0.0087,100.5411,0.0500,0.00,4,AGOBIO POSTURAL
0.3774,0.3352,0.5437,0.0198,0.6880,0.0173,0.4213,0.1751,0.0019,99.2248,0.0500,0.00,4,AGOBIO POSTURAL
0.3628,0.3305,0.5637,0.0507,0.6678,0.0301,0.4150,0.1928,0.0021,97.4388,0.0500,0.00,4,AGOBIO POSTURAL
0.3899,0.3518,0.4204,0.0432,0.6330,0.0082,0.4063,0.1117,0.0025,98.1511,0.0500,0.00,4,AGOBIO POSTURAL
0.3599,0.2910,0.3867,0.0157,0.6209,0.0169,0.4133,0.0526,0.0008,100.9073,0.0500,0.00,4,AGOBIO POSTURAL
0.3505,0.2454,0.5094,0.0274,0.6154,0.0403,0.4176,0.2195,0.0007,111.3381,0.0500,0.00,0,ENFOQUE / ESTUDIO NORMAL
0.3523,0.2946,0.4902,0.0641,0.6226,0.0106,0.4172,0.2146,0.0004,97.2941,0.0500,0.00,0,ENFOQUE / ESTUDIO NORMAL
0.3674,0.3313,0.4564,0.0540,0.6053,0.0254,0.4133,0.2470,0.0002,105.8258,0.0500,0.00,0,ENFOQUE / ESTUDIO NORMAL
0.3335,0.2266,0.5337,0.0427,0.5911,0.0223,0.4083,0.2104,0.0008,256.3699,0.0500,0.00,0,ENFOQUE / ESTUDIO NORMAL
0.3063,0.2170,0.5237,0.0225,0.5964,0.0153,0.4120,0.1720,0.0008,257.7225,0.0500,0.00,0,ENFOQUE / ESTUDIO NORMAL
0.3641,0.3298,0.5185,0.0234,0.6096,0.0113,0.4097,0.1791,0.0008,256.6356,0.0500,0.00,0,ENFOQUE / ESTUDIO NORMAL
0.3538,0.2527,0.5290,0.0068,0.6218,0.0126,0.4095,0.0912,0.0003,253.6032,0.0500,0.00,0,ENFOQUE / ESTUDIO NORMAL
0.3530,0.3146,0.5378,0.0131,0.6058,0.0103,0.4114,0.1329,0.0001,256.7812,0.0500,0.00,0,ENFOQUE / ESTUDIO NORMAL
0.3547,0.3267,0.5346,0.0121,0.6054,0.0109,0.4068,0.0948,0.0001,255.3319,0.0500,0.00,0,ENFOQUE / ESTUDIO NORMAL
0.3626,0.3175,0.5402,0.0110,0.6291,0.0177,0.4139,0.2447,0.0001,256.0312,0.0500,0.00,0,ENFOQUE / ESTUDIO NORMAL
0.3312,0.2697,0.5149,0.0139,0.6182,0.0207,0.4381,0.2670,0.0011,145.9485,0.0500,0.00,0,ENFOQUE / ESTUDIO NORMAL
0.2646,0.2202,0.5780,0.0579,0.5595,0.0420,0.4368,0.2836,0.0014,115.9564,0.0500,0.00,0,ENFOQUE / ESTUDIO NORMAL
0.3016,0.2643,0.5827,0.1640,0.5945,0.0236,0.4281,0.4645,0.0014,115.0292,0.0500,0.00,0,ENFOQUE / ESTUDIO NORMAL
0.3374,0.2939,0.4553,0.0408,0.6071,0.0061,0.4313,0.0793,0.0008,156.1347,0.0500,0.00,0,ENFOQUE / ESTUDIO NORMAL
0.4662,0.3340,0.3831,0.0378,0.6619,0.0449,0.4128,0.2019,0.0031,108.7968,0.0500,0.00,0,ENFOQUE / ESTUDIO NORMAL
0.3546,0.2508,0.4145,0.0494,0.6613,0.0270,0.4236,0.3186,0.0089,176.9406,0.0500,0.00,0,ENFOQUE / ESTUDIO NORMAL
0.3782,0.2764,0.3826,0.0260,0.6395,0.0101,0.4222,0.3169,0.0120,141.5696,0.0500,0.00,0,ENFOQUE / ESTUDIO NORMAL
0.3727,0.2944,0.4323,0.0690,0.6064,0.0248,0.4249,0.3463,0.0093,104.0475,0.0500,0.00,0,ENFOQUE / ESTUDIO NORMAL
0.3126,0.2463,0.4361,0.0386,0.6128,0.0163,0.4312,0.2567,0.0078,127.9942,0.0500,0.00,0,ENFOQUE / ESTUDIO NORMAL
0.4694,0.3151,0.5361,0.0176,0.6341,0.0129,0.4094,0.1204,0.0001,100.4040,0.0500,0.00,0,ENFOQUE / ESTUDIO NORMAL
0.4611,0.3898,0.5197,0.0119,0.6161,0.0221,0.3951,0.0841,0.0001,99.0302,0.0500,0.00,0,ENFOQUE / ESTUDIO NORMAL
0.4881,0.3820,0.5012,0.0247,0.6120,0.0127,0.3893,0.0607,0.0001,99.4061,0.0500,0.00,0,ENFOQUE / ESTUDIO NORMAL
0.5319,0.4142,0.5146,0.0462,0.6393,0.0105,0.3968,0.1229,0.0001,98.7260,0.0500,0.00,0,ENFOQUE / ESTUDIO NORMAL
0.5650,0.5232,0.4367,0.0188,0.6574,0.0109,0.3883,0.0533,0.0002,98.7887,0.0500,0.00,0,ENFOQUE / ESTUDIO NORMAL
0.5612,0.5019,0.4485,0.0170,0.6611,0.0056,0.3991,0.0790,0.0001,99.2345,0.0500,0.00,0,ENFOQUE / ESTUDIO NORMAL
0.5211,0.4692,0.4919,0.0436,0.6635,0.0068,0.4145,0.1209,0.0001,99.0811,0.0500,0.00,0,ENFOQUE / ESTUDIO NORMAL
0.4797,0.3001,0.5350,0.0417,0.6693,0.0097,0.4154,0.1215,0.0002,99.2590,0.0500,0.00,0,ENFOQUE / ESTUDIO NORMAL
0.4452,0.2537,0.6670,0.1760,0.6348,0.0139,0.4116,0.2930,0.0016,97.7839,0.0500,0.00,0,ENFOQUE / ESTUDIO NORMAL
0.3125,0.2552,0.6887,0.1415,0.6046,0.0113,0.4108,0.1361,0.0009,103.8114,0.0500,0.00,0,ENFOQUE / ESTUDIO NORMAL
0.4761,0.3745,0.5652,0.1505,0.6092,0.1480,0.4160,0.6290,0.0060,143.1251,0.0500,0.00,1,DISTRACCIÓN
0.6054,0.4836,0.4077,0.0932,0.7597,0.0438,0.4265,0.2139,0.0025,97.3267,0.0500,0.00,1,DISTRACCIÓN
0.5966,0.4459,0.3275,0.0390,0.6999,0.0193,0.4430,0.0569,0.0010,96.4652,0.0500,0.00,1,DISTRACCIÓN
0.5380,0.3542,0.3653,0.0152,0.7029,0.0133,0.4272,0.0312,0.0001,96.5914,0.0500,0.00,1,DISTRACCIÓN
0.8269,0.6355,0.2536,0.0615,0.6910,0.0367,0.4282,0.1198,0.0001,97.7539,0.0500,0.00,1,DISTRACCIÓN
0.6427,0.5368,0.3680,0.0548,0.6758,0.0354,0.4093,0.1549,0.0006,97.6767,0.0500,0.00,1,DISTRACCIÓN
0.5443,0.5095,0.4917,0.0180,0.6305,0.0216,0.3909,0.0892,0.0030,97.7144,0.0500,0.00,1,DISTRACCIÓN
0.4747,0.3403,0.6429,0.1645,0.6515,0.0266,0.3994,0.1394,0.0005,97.8097,0.0500,0.00,1,DISTRACCIÓN
0.4384,0.2771,0.8981,0.1084,0.5993,0.0468,0.4011,0.1907,0.0015,112.6885,0.0500,0.00,1,DISTRACCIÓN
0.3547,0.2128,0.5193,0.0390,0.4770,0.0559,0.3878,0.1900,0.0031,129.0280,0.0500,0.00,1,DISTRACCIÓN
0.4669,0.2824,0.5085,0.0517,0.6077,0.0250,0.3906,0.4060,0.0037,177.1084,0.0500,0.00,1,DISTRACCIÓN
0.5608,0.3868,0.4774,0.0250,0.6305,0.0474,0.3764,0.2657,0.0027,94.9397,0.0500,0.00,1,DISTRACCIÓN
0.3823,0.3028,0.4793,0.0178,0.4812,0.0344,0.3853,0.1286,0.0023,228.4284,0.0500,0.00,1,DISTRACCIÓN
0.5806,0.2516,0.4926,0.3818,0.5996,0.0455,0.4110,0.4479,0.0020,128.4565,0.0500,0.00,1,DISTRACCIÓN
0.5675,0.4521,0.4711,0.0992,0.6302,0.0173,0.3871,0.1804,0.0043,96.3140,0.0500,0.00,1,DISTRACCIÓN
0.5827,0.5058,0.4584,0.0180,0.6521,0.0191,0.3941,0.0967,0.0007,96.9750,0.0500,0.00,1,DISTRACCIÓN
0.5890,0.5116,0.4725,0.0287,0.6718,0.0184,0.3904,0.0756,0.0001,97.8177,0.0500,0.00,1,DISTRACCIÓN
0.5244,0.4729,0.5262,0.0119,0.6393,0.0164,0.3940,0.0815,0.0003,97.2928,0.1800,0.00,3,SOBREESTIMULACIÓN
0.4228,0.2539,0.6969,0.1233,0.5779,0.0532,0.4000,0.5727,0.0020,114.3728,0.1800,0.00,3,SOBREESTIMULACIÓN
0.4366,0.2710,0.5803,0.0269,0.6025,0.0822,0.3817,0.6617,0.0016,94.0080,0.1800,0.00,3,SOBREESTIMULACIÓN
0.4942,0.3325,0.5607,0.0260,0.5967,0.0560,0.3694,0.3953,0.0009,93.4112,0.1800,0.00,3,SOBREESTIMULACIÓN
0.4799,0.3050,0.5360,0.0529,0.7254,0.0260,0.4005,0.3041,0.0015,94.5176,0.1800,0.00,3,SOBREESTIMULACIÓN
0.4847,0.4033,0.4903,0.0366,0.7136,0.0213,0.4099,0.2051,0.0004,95.7718,0.1800,0.00,3,SOBREESTIMULACIÓN
0.4897,0.4471,0.5089,0.0206,0.6881,0.0335,0.4077,0.1434,0.0001,95.8210,0.1800,0.00,3,SOBREESTIMULACIÓN
0.4873,0.4066,0.5128,0.0399,0.6889,0.0386,0.3976,0.2493,0.0005,97.7326,0.1800,0.00,3,SOBREESTIMULACIÓN
0.4046,0.3148,0.4774,0.0095,0.5831,0.0738,0.3762,0.4765,0.0056,103.3034,0.1800,0.00,3,SOBREESTIMULACIÓN
0.5144,0.4152,0.4974,0.0187,0.5703,0.0182,0.3738,0.0688,0.0038,140.0007,0.1800,0.00,3,SOBREESTIMULACIÓN
0.4959,0.4528,0.5128,0.0148,0.6032,0.0150,0.3904,0.0611,0.0001,182.5638,0.1800,0.00,3,SOBREESTIMULACIÓN
0.4834,0.4021,0.5158,0.0151,0.6012,0.0106,0.3743,0.0316,0.0000,145.9774,0.1800,0.00,3,SOBREESTIMULACIÓN
0.5184,0.4410,0.5273,0.0275,0.5869,0.0180,0.3736,0.0669,0.0001,247.7619,0.1800,0.00,3,SOBREESTIMULACIÓN
0.4835,0.4123,0.5050,0.0347,0.6396,0.0354,0.3877,0.1068,0.0002,219.3533,0.1800,0.00,3,SOBREESTIMULACIÓN
0.5256,0.4947,0.5201,0.0138,0.6603,0.0188,0.4245,0.0600,0.0006,239.2664,0.1800,0.00,3,SOBREESTIMULACIÓN
0.5281,0.4299,0.5156,0.0160,0.5880,0.0276,0.3831,0.1602,0.0005,114.6939,0.1800,0.00,3,SOBREESTIMULACIÓN
0.4715,0.2666,0.5789,0.0534,0.6373,0.0197,0.4064,0.1473,0.0012,98.2859,0.1800,0.00,3,SOBREESTIMULACIÓN
0.4465,0.2143,0.6170,0.3262,0.6136,0.0399,0.4041,0.6032,0.0025,97.2381,0.1800,0.00,3,SOBREESTIMULACIÓN
0.5175,0.3824,0.4793,0.1003,0.5900,0.0388,0.3977,0.5830,0.0050,236.6054,0.1800,0.00,3,SOBREESTIMULACIÓN
0.5305,0.3537,0.4172,0.0481,0.6474,0.0154,0.4247,0.2408,0.0066,155.2637,0.1800,0.00,3,SOBREESTIMULACIÓN
0.4405,0.1673,0.4329,0.0592,0.6093,0.0385,0.4221,0.2760,0.0051,258.3700,0.0500,0.00,4,AGOBIO POSTURAL
0.6008,0.5112,0.3582,0.0196,0.6298,0.0333,0.3993,0.3103,0.0032,206.4381,0.0500,0.00,4,AGOBIO POSTURAL
0.3529,0.1973,0.5010,0.0252,0.5442,0.0538,0.3809,0.2071,0.0002,248.5663,0.0500,0.00,4,AGOBIO POSTURAL
0.3233,0.1787,0.4964,0.0220,0.5393,0.0212,0.3752,0.0482,0.0002,247.5867,0.0500,0.00,4,AGOBIO POSTURAL
0.3908,0.2242,0.4936,0.0129,0.5279,0.0163,0.3707,0.0530,0.0001,237.0239,0.0500,0.00,4,AGOBIO POSTURAL
0.3692,0.3125,0.5220,0.0207,0.5699,0.0412,0.3828,0.0839,0.0001,242.1442,0.0500,0.00,4,AGOBIO POSTURAL
0.3723,0.2431,0.4818,0.1140,0.5970,0.0577,0.3871,0.4096,0.0006,164.0649,0.0500,0.00,4,AGOBIO POSTURAL
0.4074,0.1904,0.4751,0.0767,0.6117,0.0266,0.3878,0.1992,0.0022,160.1224,0.0500,0.00,4,AGOBIO POSTURAL
0.4706,0.3544,0.5278,0.0428,0.6212,0.0463,0.4042,0.1247,0.0007,154.7738,0.0500,0.00,4,AGOBIO POSTURAL
0.4953,0.3847,0.5202,0.0287,0.6202,0.0143,0.3994,0.0808,0.0003,137.3150,0.0500,0.00,4,AGOBIO POSTURAL
0.5422,0.4463,0.4515,0.0582,0.7042,0.0279,0.3907,0.1937,0.0008,137.6235,0.0500,0.00,0,ENFOQUE / ESTUDIO NORMAL
0.5673,0.3688,0.2971,0.0508,0.7194,0.0353,0.4231,0.2496,0.0021,255.7427,0.0500,0.00,0,ENFOQUE / ESTUDIO NORMAL
0.4775,0.3521,0.2619,0.0443,0.7475,0.0277,0.4456,0.1613,0.0041,252.0112,0.0500,0.00,0,ENFOQUE / ESTUDIO NORMAL
0.5475,0.3975,0.1383,0.0653,0.6852,0.0290,0.4391,0.2538,0.0006,250.0233,0.0500,0.00,0,ENFOQUE / ESTUDIO NORMAL
0.6643,0.5525,0.0414,0.0305,0.6166,0.0209,0.3845,0.1335,0.0003,249.0589,0.0500,0.00,0,ENFOQUE / ESTUDIO NORMAL
0.6944,0.5680,0.0452,0.0647,0.6040,0.0574,0.3759,0.2007,0.0001,250.5688,0.0500,0.00,0,ENFOQUE / ESTUDIO NORMAL
0.6638,0.5255,0.0619,0.0617,0.6055,0.0510,0.3803,0.1941,0.0002,251.5588,0.0500,0.00,0,ENFOQUE / ESTUDIO NORMAL
0.5702,0.4429,0.2534,0.1259,0.7345,0.0491,0.4281,0.2761,0.0007,250.9897,0.0500,0.00,0,ENFOQUE / ESTUDIO NORMAL
0.5635,0.3578,0.1396,0.1052,0.6859,0.0621,0.3887,0.1385,0.0008,251.7171,0.0500,0.00,0,ENFOQUE / ESTUDIO NORMAL
0.6128,0.5144,0.1888,0.1052,0.7017,0.0399,0.3992,0.2772,0.0006,254.3500,0.0500,0.00,0,ENFOQUE / ESTUDIO NORMAL
0.3700,0.2458,0.5277,0.0587,0.7412,0.0379,0.4181,0.2010,0.0051,256.0630,0.0500,0.00,0,ENFOQUE / ESTUDIO NORMAL
0.5357,0.4747,0.5483,0.0300,0.6974,0.0481,0.4349,0.2487,0.0004,120.5016,0.0500,0.00,0,ENFOQUE / ESTUDIO NORMAL
0.5565,0.5037,0.5274,0.0397,0.6513,0.0072,0.4405,0.1667,0.0007,226.4511,0.0500,0.00,0,ENFOQUE / ESTUDIO NORMAL
0.5628,0.5156,0.5160,0.0355,0.6643,0.0114,0.4401,0.1505,0.0003,259.6220,0.0500,0.00,0,ENFOQUE / ESTUDIO NORMAL
0.5539,0.4816,0.4770,0.0454,0.6596,0.0123,0.4389,0.1500,0.0002,259.4697,0.0500,0.00,0,ENFOQUE / ESTUDIO NORMAL
0.5920,0.5270,0.5056,0.0740,0.6632,0.0109,0.4391,0.2075,0.0003,259.4571,0.0500,0.00,0,ENFOQUE / ESTUDIO NORMAL
0.5581,0.4910,0.5273,0.0612,0.6551,0.0056,0.4386,0.1180,0.0005,259.5279,0.0500,0.00,0,ENFOQUE / ESTUDIO NORMAL
0.5579,0.5072,0.5300,0.0494,0.6417,0.0079,0.4327,0.1543,0.0007,259.1532,0.0500,0.00,0,ENFOQUE / ESTUDIO NORMAL
0.5753,0.5020,0.5027,0.0406,0.6480,0.0080,0.4372,0.1192,0.0004,258.9414,0.0500,0.00,0,ENFOQUE / ESTUDIO NORMAL
0.5566,0.5159,0.5230,0.0068,0.6489,0.0052,0.4382,0.0509,0.0002,259.0406,0.0500,0.00,0,ENFOQUE / ESTUDIO NORMAL
0.5183,0.4803,0.5223,0.0679,0.6330,0.0057,0.4302,0.1432,0.0003,248.8975,0.0500,0.00,0,ENFOQUE / ESTUDIO NORMAL
0.5087,0.4598,0.5112,0.0528,0.6258,0.0063,0.4276,0.1712,0.0004,260.9119,0.0500,0.00,0,ENFOQUE / ESTUDIO NORMAL
0.5300,0.4444,0.5071,0.0621,0.6311,0.0073,0.4259,0.1834,0.0004,259.7675,0.0500,0.00,0,ENFOQUE / ESTUDIO NORMAL
0.5656,0.5090,0.4889,0.0295,0.6377,0.0076,0.4276,0.1557,0.0005,260.4551,0.0500,0.00,0,ENFOQUE / ESTUDIO NORMAL
0.5124,0.3456,0.4523,0.0284,0.6363,0.0107,0.4217,0.1679,0.0002,260.1450,0.0500,0.00,0,ENFOQUE / ESTUDIO NORMAL
0.6887,0.5786,0.1299,0.0283,0.6594,0.0329,0.4250,0.2191,0.0061,163.7205,0.0500,0.00,0,ENFOQUE / ESTUDIO NORMAL
0.6043,0.4277,0.2387,0.1236,0.6916,0.0332,0.4219,0.3304,0.0021,133.5101,0.0500,0.00,0,ENFOQUE / ESTUDIO NORMAL
0.5768,0.4648,0.4784,0.0406,0.6679,0.0153,0.4346,0.1569,0.0063,97.9664,0.0500,0.00,0,ENFOQUE / ESTUDIO NORMAL
0.5599,0.5023,0.4726,0.0290,0.6604,0.0082,0.4337,0.1062,0.0010,228.4398,0.0500,0.00,0,ENFOQUE / ESTUDIO NORMAL
0.3786,0.1793,0.5113,0.0260,0.6499,0.0174,0.4255,0.0633,0.0004,242.0662,0.0500,0.00,0,ENFOQUE / ESTUDIO NORMAL
0.4004,0.3568,0.5472,0.0244,0.6216,0.0176,0.4373,0.1868,0.000590,106.00,0.0500,0.00,0,ENFOQUE
0.3990,0.3265,0.5475,0.0165,0.6410,0.0163,0.4468,0.1722,0.000350,102.47,0.0500,0.00,0,ENFOQUE
0.3727,0.2862,0.5532,0.0216,0.6610,0.0172,0.4492,0.2155,0.000355,102.07,0.0500,0.00,0,ENFOQUE
0.3535,0.2862,0.5397,0.0338,0.6791,0.0134,0.4437,0.2737,0.000420,101.85,0.0500,0.00,0,ENFOQUE
0.3639,0.3389,0.5411,0.0327,0.6810,0.0109,0.4462,0.2316,0.000420,105.24,0.0500,0.00,0,ENFOQUE
0.3785,0.3389,0.5432,0.0294,0.6627,0.0270,0.4462,0.2273,0.000370,104.79,0.0500,0.00,0,ENFOQUE
0.3882,0.3549,0.5484,0.0251,0.6472,0.0261,0.4450,0.2817,0.000340,99.08,0.0500,0.00,0,ENFOQUE
0.3939,0.3703,0.5362,0.0356,0.6475,0.0192,0.4436,0.3430,0.000410,99.19,0.0500,0.00,0,ENFOQUE
0.3862,0.3228,0.5342,0.0551,0.6592,0.0235,0.4474,0.5359,0.000640,104.03,0.0500,0.00,0,ENFOQUE
0.3864,0.3228,0.5493,0.0553,0.6451,0.0279,0.4445,0.4629,0.001075,108.73,0.0500,0.00,0,ENFOQUE
0.3885,0.3643,0.5683,0.0337,0.6328,0.0247,0.4380,0.3551,0.001415,109.00,0.0500,0.00,0,ENFOQUE
0.3959,0.3696,0.5416,0.0224,0.6310,0.0080,0.4350,0.2004,0.001150,110.56,0.0500,0.00,0,ENFOQUE
0.4059,0.3825,0.5306,0.0204,0.6374,0.0088,0.4333,0.1898,0.000580,108.58,0.0500,0.00,0,ENFOQUE
0.4110,0.3882,0.5317,0.0165,0.6413,0.0084,0.4322,0.2076,0.000180,105.86,0.0500,0.00,0,ENFOQUE
0.4065,0.3368,0.5481,0.0218,0.6323,0.0193,0.4369,0.2081,0.000180,104.97,0.0500,0.00,0,ENFOQUE
0.3971,0.2821,0.5708,0.0222,0.5689,0.0771,0.4443,0.3248,0.000390,104.37,0.0500,0.00,0,ENFOQUE
0.3850,0.2821,0.5633,0.0256,0.5699,0.0779,0.4416,0.3316,0.000730,105.54,0.0500,0.00,0,ENFOQUE
0.3791,0.2821,0.5582,0.0225,0.6035,0.0570,0.4309,0.3970,0.001055,104.36,0.0500,0.00,0,ENFOQUE
0.4049,0.3522,0.5577,0.0145,0.6302,0.0350,0.4277,0.6602,0.001220,101.80,0.0500,0.00,0,ENFOQUE
0.4064,0.3648,0.5656,0.0134,0.6209,0.0391,0.4273,0.7193,0.001365,101.82,0.0500,0.00,0,ENFOQUE
0.3898,0.3288,0.5293,0.0721,0.6117,0.0242,0.4269,0.6137,0.001470,118.57,0.0500,0.00,0,ENFOQUE
0.3958,0.3288,0.4874,0.1100,0.6073,0.0214,0.4230,0.6679,0.004535,120.34,0.0500,0.00,0,ENFOQUE
0.3959,0.3288,0.5200,0.1406,0.6232,0.0283,0.4215,0.7858,0.007895,103.46,0.0500,0.00,0,ENFOQUE
0.3840,0.3305,0.5906,0.0691,0.6289,0.0284,0.4210,0.6014,0.008225,102.17,0.0500,0.00,0,ENFOQUE
0.4043,0.3305,0.5515,0.0770,0.6334,0.0149,0.4191,0.3391,0.005460,102.33,0.0500,0.00,0,ENFOQUE
0.4143,0.3493,0.4953,0.0494,0.6192,0.0115,0.4218,0.2700,0.002815,102.70,0.0500,0.00,0,ENFOQUE
0.3921,0.3203,0.4979,0.0588,0.6100,0.0152,0.4254,0.4044,0.001370,102.51,0.0500,0.00,0,ENFOQUE
0.3674,0.3203,0.5552,0.0895,0.6017,0.0111,0.4245,0.3118,0.001845,100.88,0.0500,0.00,0,ENFOQUE
0.3359,0.2882,0.5891,0.0540,0.5876,0.0271,0.4230,0.3195,0.003050,100.50,0.0500,0.00,0,ENFOQUE
0.3271,0.2779,0.5515,0.0547,0.5512,0.0436,0.4129,0.2044,0.003160,105.83,0.0500,0.00,0,ENFOQUE
0.3103,0.2679,0.5108,0.0144,0.4973,0.0370,0.4030,0.1100,0.002010,114.99,0.0500,0.00,0,ENFOQUE
0.2978,0.2222,0.5140,0.0152,0.4591,0.0298,0.3992,0.0982,0.000965,116.51,0.0500,0.00,0,ENFOQUE
0.2979,0.2222,0.5085,0.0298,0.4968,0.0930,0.4017,0.2441,0.000570,120.51,0.0500,0.00,0,ENFOQUE
0.3292,0.2222,0.5190,0.0360,0.5316,0.0816,0.4104,0.3305,0.000740,116.12,0.0500,0.00,0,ENFOQUE
0.3745,0.2720,0.5305,0.0350,0.5426,0.0405,0.4185,0.3054,0.000710,114.49,0.0500,0.00,0,ENFOQUE
0.3925,0.3610,0.5498,0.0503,0.5680,0.0168,0.4215,0.4358,0.000730,107.17,0.0500,0.00,0,ENFOQUE
0.3972,0.3607,0.5556,0.0519,0.5835,0.0368,0.4161,0.8447,0.000840,107.86,0.0500,0.00,0,ENFOQUE
0.4113,0.3607,0.5590,0.0236,0.5875,0.0419,0.4145,0.9242,0.000950,107.99,0.0500,0.00,0,ENFOQUE
0.4032,0.3651,0.5761,0.0729,0.5873,0.0374,0.4132,0.7813,0.000900,110.88,0.0500,0.00,0,ENFOQUE
0.3899,0.3204,0.5666,0.0794,0.5751,0.0299,0.4136,0.7387,0.000935,113.49,0.0500,0.00,0,ENFOQUE
0.3747,0.2685,0.5632,0.0798,0.5600,0.0329,0.4112,0.8380,0.001235,112.59,0.0500,0.00,0,ENFOQUE
0.3788,0.2685,0.5405,0.0196,0.5632,0.0327,0.4111,0.6230,0.001405,111.45,0.0500,0.00,0,ENFOQUE
0.3967,0.3312,0.5544,0.0087,0.5744,0.0230,0.4160,0.2714,0.000970,111.21,0.0500,0.00,0,ENFOQUE
0.4030,0.3666,0.5372,0.0289,0.5798,0.0078,0.4150,0.1218,0.000360,110.54,0.0500,0.00,0,ENFOQUE
0.4122,0.3694,0.5099,0.0292,0.5899,0.0226,0.4094,0.1302,0.000150,111.78,0.0500,0.00,0,ENFOQUE
0.4121,0.3635,0.4771,0.0164,0.5806,0.0345,0.4050,0.3317,0.000255,110.54,0.0500,0.00,0,ENFOQUE
0.3931,0.3063,0.5491,0.1310,0.5846,0.0362,0.4078,0.6450,0.001105,108.09,0.0500,0.00,0,ENFOQUE
0.3825,0.3063,0.5535,0.1287,0.5866,0.0159,0.4128,0.5287,0.002610,106.63,0.0500,0.00,0,ENFOQUE
0.4003,0.3428,0.4959,0.1357,0.5902,0.0142,0.4136,0.4914,0.004435,106.11,0.0500,0.00,0,ENFOQUE
0.4112,0.3728,0.4726,0.0653,0.5899,0.0143,0.4186,0.3496,0.005070,109.28,0.0500,0.00,0,ENFOQUE
0.4037,0.3580,0.4654,0.0693,0.5983,0.0128,0.4227,0.3575,0.004435,109.31,0.0500,0.00,0,ENFOQUE
0.3899,0.3580,0.5179,0.0765,0.5908,0.0178,0.4268,0.3727,0.002825,109.31,0.0500,0.00,0,ENFOQUE
0.3698,0.2728,0.5402,0.0726,0.5788,0.0213,0.4264,0.3421,0.001910,107.84,0.0500,0.00,0,ENFOQUE
0.3767,0.2728,0.5704,0.0160,0.5909,0.0296,0.4300,0.2901,0.001475,106.59,0.0500,0.00,0,ENFOQUE
0.3758,0.2656,0.5809,0.0198,0.5923,0.0294,0.4314,0.2650,0.001200,104.82,0.0500,0.00,0,ENFOQUE
0.3589,0.2656,0.5625,0.0313,0.4856,0.1295,0.4185,0.2828,0.001330,105.50,0.0500,0.00,0,ENFOQUE
0.3059,0.2272,0.5468,0.0214,0.3723,0.1085,0.4082,0.2426,0.001695,106.76,0.0500,0.00,0,ENFOQUE
0.2716,0.2272,0.5407,0.0122,0.3111,0.0334,0.4015,0.2172,0.001515,107.61,0.0500,0.00,0,ENFOQUE
0.2988,0.2465,0.5612,0.0217,0.3876,0.0770,0.4088,0.2624,0.000995,105.97,0.0500,0.00,0,ENFOQUE
0.3323,0.2465,0.5715,0.0201,0.4559,0.0845,0.4168,0.2515,0.000820,104.50,0.0500,0.00,0,ENFOQUE
0.3626,0.3273,0.5695,0.0183,0.5463,0.0486,0.4215,0.2488,0.000845,104.69,0.0500,0.00,0,ENFOQUE
0.3934,0.3489,0.5657,0.0195,0.5725,0.0489,0.4159,0.3032,0.000955,104.61,0.0500,0.00,0,ENFOQUE
0.4137,0.3626,0.5689,0.0175,0.6008,0.0257,0.4157,0.2868,0.000845,104.00,0.0500,0.00,0,ENFOQUE
0.4075,0.3761,0.5623,0.0093,0.5723,0.0251,0.4108,0.2306,0.000620,105.64,0.0500,0.00,0,ENFOQUE
0.3921,0.3539,0.5768,0.0171,0.5701,0.0206,0.4145,0.2256,0.000520,105.17,0.0500,0.00,0,ENFOQUE
0.3865,0.3454,0.5816,0.0147,0.5619,0.0189,0.4101,0.2270,0.000465,105.85,0.0500,0.00,0,ENFOQUE
0.3879,0.3454,0.5846,0.0099,0.5704,0.0187,0.4106,0.2668,0.000440,106.30,0.0500,0.00,0,ENFOQUE
0.3834,0.3454,0.5773,0.0087,0.5790,0.0186,0.4063,0.2255,0.000445,106.69,0.0500,0.00,0,ENFOQUE
0.3937,0.3144,0.5754,0.0101,0.5952,0.0143,0.4065,0.1741,0.000385,105.38,0.0500,0.00,0,ENFOQUE
0.3994,0.3144,0.5678,0.0130,0.6005,0.0139,0.4075,0.1738,0.000280,105.66,0.0500,0.00,0,ENFOQUE
0.3965,0.3581,0.5665,0.0120,0.5804,0.0246,0.4073,0.2088,0.000200,105.75,0.0500,0.00,0,ENFOQUE
0.4094,0.3581,0.5328,0.0662,0.5938,0.0356,0.4187,0.4637,0.000655,102.65,0.0500,0.00,0,ENFOQUE
0.4060,0.3383,0.5328,0.0745,0.5945,0.0320,0.4238,0.6239,0.001940,102.38,0.0500,0.00,0,ENFOQUE
0.3924,0.3093,0.5370,0.0776,0.5870,0.0210,0.4220,0.5374,0.003515,111.17,0.0500,0.00,0,ENFOQUE
0.3773,0.3093,0.5715,0.0287,0.5723,0.0105,0.4213,0.2597,0.003915,112.95,0.0500,0.00,0,ENFOQUE
0.3941,0.3093,0.6112,0.1261,0.5691,0.0177,0.4191,0.2992,0.002870,108.67,0.0500,0.00,0,ENFOQUE
0.3910,0.3400,0.7720,0.1925,0.5527,0.0258,0.3949,0.2488,0.001795,123.68,0.0500,0.00,1,DISTRACCIÓN
0.3762,0.3037,0.9219,0.0772,0.5232,0.0315,0.3673,0.2439,0.001620,178.86,0.0500,0.00,1,DISTRACCIÓN
0.3281,0.2419,0.8783,0.0771,0.5146,0.0314,0.3587,0.1322,0.001360,233.90,0.0500,0.00,1,DISTRACCIÓN
0.3004,0.2419,0.7940,0.0860,0.5341,0.0496,0.3584,0.1343,0.000645,237.76,0.0500,0.00,1,DISTRACCIÓN
0.3543,0.2615,0.8502,0.1458,0.5823,0.0374,0.3492,0.1177,0.000485,191.26,0.0500,0.00,1,DISTRACCIÓN
0.4194,0.2940,0.9477,0.1191,0.6024,0.0233,0.3501,0.1150,0.000385,178.19,0.0500,0.00,1,DISTRACCIÓN
0.3957,0.2433,0.8626,0.2243,0.5718,0.0482,0.3614,0.2796,0.000710,209.61,0.0500,0.00,1,DISTRACCIÓN
0.6519,0.2433,0.3772,0.5669,0.5560,0.0384,0.3531,0.4168,0.005200,208.30,0.0500,0.00,1,DISTRACCIÓN
0.8732,0.2764,-0.1065,0.3318,0.5614,0.0391,0.3424,0.3704,0.010555,147.19,0.0500,0.00,1,DISTRACCIÓN
0.7828,0.3286,-0.0388,0.3241,0.5868,0.0279,0.3502,0.1984,0.009185,102.96,0.0500,0.00,1,DISTRACCIÓN
0.4545,0.3286,0.2614,0.2740,0.6493,0.0913,0.3901,0.2724,0.003570,110.69,0.0500,0.00,1,DISTRACCIÓN
0.3977,0.3238,0.4373,0.0389,0.7365,0.0769,0.4254,0.3262,0.001450,116.61,0.0500,0.00,1,DISTRACCIÓN
0.3853,0.3184,0.4651,0.0602,0.7995,0.0267,0.4365,0.3723,0.001135,113.13,0.0500,0.00,1,DISTRACCIÓN
0.6114,0.3184,0.2716,0.3277,0.7250,0.1033,0.4048,0.5257,0.001980,103.50,0.0500,0.00,1,DISTRACCIÓN
0.8042,0.3184,-0.0273,0.3269,0.6169,0.1274,0.3656,0.4762,0.004205,101.21,0.0500,0.00,1,DISTRACCIÓN
0.9283,0.6373,-0.2412,0.0439,0.5235,0.0225,0.3354,0.1074,0.004835,99.41,0.0500,0.00,1,DISTRACCIÓN
0.7974,0.6373,-0.2123,0.0360,0.5144,0.0076,0.3426,0.0345,0.002320,99.20,0.0500,0.00,1,DISTRACCIÓN
0.8074,0.7562,-0.1779,0.0194,0.5164,0.0046,0.3459,0.0199,0.000360,97.98,0.0500,0.00,1,DISTRACCIÓN
0.8093,0.7562,-0.1660,0.0179,0.5179,0.0051,0.3468,0.0207,0.000000,97.13,0.0500,0.00,1,DISTRACCIÓN
0.8078,0.7301,-0.1583,0.0212,0.5181,0.0055,0.3480,0.0241,0.000000,96.48,0.0500,0.00,1,DISTRACCIÓN
0.6394,0.3113,-0.0008,0.2376,0.5158,0.0097,0.3613,0.2168,0.000310,98.77,0.0500,0.00,1,DISTRACCIÓN
0.4661,0.3113,0.2456,0.2738,0.5185,0.0114,0.3816,0.2257,0.002295,101.16,0.0500,0.00,1,DISTRACCIÓN
0.3703,0.3113,0.4721,0.0618,0.5333,0.0154,0.4017,0.1979,0.004065,102.84,0.0500,0.00,1,DISTRACCIÓN
0.3853,0.3650,0.5980,0.1291,0.5536,0.0193,0.3955,0.1079,0.003380,101.82,0.0500,0.00,1,DISTRACCIÓN
0.3841,0.3546,0.6936,0.0840,0.5632,0.0112,0.3917,0.1138,0.001415,102.18,0.0500,0.00,1,DISTRACCIÓN
0.3676,0.3305,0.6949,0.0484,0.5602,0.0071,0.3937,0.0362,0.000665,101.70,0.0500,0.00,1,DISTRACCIÓN
0.3445,0.3117,0.6499,0.0286,0.5564,0.0044,0.3994,0.0470,0.000385,100.49,0.0500,0.00,1,DISTRACCIÓN
0.3355,0.3117,0.6258,0.0103,0.5563,0.0055,0.4009,0.0671,0.000135,102.10,0.0500,0.00,1,DISTRACCIÓN
0.3509,0.3144,0.6191,0.0120,0.5532,0.0074,0.4035,0.0591,0.000070,102.24,0.0500,0.00,1,DISTRACCIÓN
0.3643,0.3333,0.6077,0.0143,0.5470,0.0074,0.4068,0.0505,0.000105,100.86,0.0500,0.00,1,DISTRACCIÓN
0.3575,0.3365,0.5903,0.0110,0.5457,0.0064,0.4080,0.0398,0.000110,100.03,0.1800,0.00,2,FATIGA
0.3488,0.3113,0.5759,0.0166,0.5651,0.0363,0.4069,0.1177,0.000115,100.52,0.1800,0.00,2,FATIGA
0.3130,0.2082,0.5780,0.0942,0.5080,0.1404,0.3971,0.5113,0.000665,119.05,0.1800,0.00,2,FATIGA
0.2925,0.2016,0.5751,0.2598,0.5419,0.1597,0.3924,1.5617,0.001985,143.80,0.1800,0.00,2,FATIGA
0.2951,0.2016,0.5790,0.2656,0.5857,0.1510,0.3924,1.5639,0.003150,172.37,0.1800,0.00,2,FATIGA
0.3369,0.2642,0.5062,0.2155,0.6582,0.0318,0.3955,1.2049,0.002995,141.84,0.1800,0.00,2,FATIGA
0.3319,0.2552,0.5249,0.2069,0.6476,0.0311,0.3937,1.0663,0.002460,109.93,0.1800,0.00,2,FATIGA
0.3292,0.2396,0.5384,0.1759,0.6249,0.0285,0.3945,0.8089,0.002110,102.13,0.1800,0.00,2,FATIGA
0.2982,0.2396,0.5743,0.0318,0.5379,0.1033,0.3922,0.3163,0.001925,138.09,0.1800,0.00,2,FATIGA
0.3054,0.2517,0.5515,0.0641,0.5166,0.0888,0.3925,0.4396,0.001755,154.22,0.1800,0.00,2,FATIGA
0.3217,0.2517,0.5317,0.0653,0.5535,0.0860,0.3913,0.4513,0.001430,142.20,0.1800,0.00,2,FATIGA
0.3456,0.2328,0.4981,0.0514,0.6051,0.0195,0.3915,0.3498,0.000905,101.94,0.1800,0.00,2,FATIGA
0.3482,0.2328,0.4976,0.0450,0.6722,0.0898,0.3907,0.3127,0.001145,104.47,0.1800,0.00,2,FATIGA
0.3513,0.2863,0.5218,0.0536,0.7429,0.0690,0.3942,0.2809,0.001930,103.48,0.1800,0.00,2,FATIGA
0.3330,0.2738,0.5731,0.0334,0.7676,0.0309,0.3990,0.2263,0.002095,103.93,0.1800,0.00,2,FATIGA
0.3130,0.2322,0.5395,0.0669,0.5920,0.2151,0.3943,0.3446,0.002550,104.65,0.1800,0.00,2,FATIGA
0.2794,0.1909,0.5017,0.0581,0.5144,0.1697,0.3908,0.4691,0.002475,105.74,0.1800,0.00,2,FATIGA
0.2556,0.1909,0.4920,0.0259,0.5260,0.1415,0.3934,0.4699,0.002095,109.07,0.1800,0.00,2,FATIGA
0.2851,0.1909,0.4935,0.0329,0.5931,0.1310,0.4017,0.6496,0.001485,147.59,0.1800,0.00,2,FATIGA
0.3443,0.2071,0.5024,0.0330,0.6403,0.1478,0.4149,0.8168,0.002810,180.28,0.1800,0.00,2,FATIGA
0.3628,0.2744,0.5091,0.0269,0.5689,0.1514,0.4111,0.7119,0.003400,201.93,0.1800,0.00,2,FATIGA
0.3618,0.2507,0.5113,0.0206,0.5874,0.1134,0.4129,0.4152,0.003030,216.54,0.1800,0.00,2,FATIGA
0.3449,0.2507,0.5102,0.0234,0.5957,0.1160,0.4048,0.3536,0.001695,223.08,0.1800,0.00,2,FATIGA
0.3300,0.2725,0.5113,0.0219,0.6563,0.0462,0.4022,0.1991,0.001115,192.44,0.1800,0.00,2,FATIGA
0.3072,0.2725,0.5092,0.0223,0.6500,0.0390,0.3971,0.1671,0.000615,177.04,0.1800,0.00,2,FATIGA
0.2995,0.2478,0.5451,0.0476,0.6150,0.0301,0.3947,0.2139,0.000415,141.81,0.1800,0.00,2,FATIGA
0.3078,0.2478,0.7053,0.1821,0.5612,0.0661,0.3790,0.3895,0.001165,148.35,0.1800,0.00,2,FATIGA
0.3045,0.1741,0.6945,0.2904,0.5343,0.0644,0.3743,0.9455,0.003175,138.22,0.1800,0.00,2,FATIGA
0.3316,0.1741,0.5275,0.2775,0.5453,0.0995,0.3898,1.2488,0.005895,178.75,0.1800,0.00,2,FATIGA
0.3279,0.1741,0.4528,0.1241,0.5409,0.0980,0.4047,0.9876,0.006450,156.52,0.1800,0.00,2,FATIGA
0.3425,0.2261,0.4247,0.0387,0.4944,0.0433,0.4021,0.4578,0.005505,201.93,0.1800,0.00,2,FATIGA
0.3381,0.2261,0.4604,0.0226,0.5175,0.0280,0.4047,0.1798,0.003670,156.11,0.1800,0.00,2,FATIGA
0.3648,0.2261,0.4778,0.0134,0.5463,0.0148,0.4093,0.1709,0.002055,134.95,0.1800,0.00,2,FATIGA
0.3782,0.3094,0.5352,0.1374,0.5461,0.0258,0.4029,0.3732,0.000985,104.47,0.1800,0.00,2,FATIGA
0.3499,0.2379,0.6380,0.1816,0.5161,0.0560,0.3934,0.6811,0.001565,110.38,0.1800,0.00,3,SOBREESTIMULACIÓN
0.3138,0.2379,0.6997,0.1412,0.5017,0.0491,0.3901,0.7119,0.002215,109.25,0.1800,0.00,3,SOBREESTIMULACIÓN
0.3156,0.2171,0.5788,0.2359,0.4995,0.0586,0.3950,0.8959,0.003215,100.64,0.1800,0.00,3,SOBREESTIMULACIÓN
0.3437,0.2171,0.4902,0.1641,0.5633,0.0627,0.4085,0.5894,0.003895,101.63,0.1800,0.00,3,SOBREESTIMULACIÓN
0.3407,0.1837,0.5353,0.0257,0.5356,0.1689,0.4132,0.6534,0.004245,102.62,0.1800,0.00,3,SOBREESTIMULACIÓN
0.3231,0.1837,0.5405,0.0140,0.5215,0.1650,0.4155,0.5366,0.003865,104.33,0.1800,0.00,3,SOBREESTIMULACIÓN
0.3029,0.1985,0.5415,0.0209,0.5082,0.1262,0.4170,0.3736,0.003215,104.62,0.1800,0.00,3,SOBREESTIMULACIÓN
0.3320,0.2477,0.4997,0.0710,0.5831,0.0487,0.4160,0.2835,0.002540,105.05,0.1800,0.00,3,SOBREESTIMULACIÓN
0.4041,0.2477,0.4357,0.0793,0.6374,0.0407,0.4076,0.3279,0.002645,104.18,0.1800,0.00,3,SOBREESTIMULACIÓN
0.4206,0.3106,0.4299,0.0779,0.6442,0.0335,0.4102,0.3610,0.002870,102.14,0.1800,0.00,3,SOBREESTIMULACIÓN
0.3758,0.3106,0.5076,0.0582,0.6237,0.0363,0.4176,0.2930,0.003235,100.84,0.1800,0.00,3,SOBREESTIMULACIÓN
0.3683,0.3106,0.5244,0.0375,0.6177,0.0226,0.4189,0.2219,0.004280,146.68,0.1800,0.00,3,SOBREESTIMULACIÓN
0.3771,0.3337,0.4945,0.0255,0.6305,0.0137,0.4151,0.0676,0.004055,186.47,0.1800,0.00,3,SOBREESTIMULACIÓN
0.3827,0.3337,0.4841,0.0090,0.6330,0.0060,0.4133,0.0387,0.001960,195.11,0.1800,0.00,3,SOBREESTIMULACIÓN
0.3969,0.3790,0.4934,0.0115,0.6357,0.0047,0.4114,0.0446,0.000290,194.30,0.1800,0.00,3,SOBREESTIMULACIÓN
0.3994,0.3819,0.5039,0.0056,0.6408,0.0113,0.4097,0.0634,0.000045,194.94,0.1800,0.00,3,SOBREESTIMULACIÓN
0.4056,0.3727,0.5085,0.0050,0.6441,0.0115,0.4098,0.0729,0.000140,142.99,0.1800,0.00,3,SOBREESTIMULACIÓN
0.3361,0.1396,0.4894,0.0323,0.5908,0.0837,0.4043,0.2231,0.000485,150.47,0.0500,0.00,4,AGOBIO POSTURAL
0.2426,0.1323,0.4519,0.0411,0.5140,0.0764,0.3929,0.2402,0.001715,210.59,0.0500,0.00,4,AGOBIO POSTURAL
0.1651,0.1316,0.4359,0.0242,0.4393,0.0441,0.3811,0.2274,0.002845,256.92,0.0500,0.00,4,AGOBIO POSTURAL
0.1647,0.1143,0.4671,0.0466,0.4053,0.0504,0.3814,0.3929,0.004770,209.56,0.0500,0.00,4,AGOBIO POSTURAL
0.1838,0.1143,0.5253,0.0408,0.3987,0.0485,0.3830,0.4426,0.012590,144.32,0.0500,0.00,4,AGOBIO POSTURAL
0.2297,0.1143,0.5478,0.0228,0.4443,0.0521,0.3795,0.2953,0.022230,96.47,0.0500,0.00,4,AGOBIO POSTURAL
0.2692,0.2221,0.5376,0.0211,0.4276,0.0702,0.3810,0.2030,0.021435,96.77,0.0500,0.00,4,AGOBIO POSTURAL
0.2714,0.2221,0.5269,0.0243,0.4009,0.0714,0.3854,0.2557,0.011950,97.16,0.0500,0.00,4,AGOBIO POSTURAL
0.3022,0.2221,0.5398,0.0318,0.4834,0.1317,0.3952,0.2460,0.005110,99.82,0.0500,0.00,4,AGOBIO POSTURAL
0.3770,0.2530,0.4779,0.1129,0.6106,0.0813,0.3999,0.3854,0.004185,101.43,0.0500,0.00,4,AGOBIO POSTURAL
0.4626,0.3404,0.4339,0.1018,0.7026,0.0756,0.3961,0.3763,0.004330,100.28,0.0500,0.00,4,AGOBIO POSTURAL
0.6251,0.4162,0.2756,0.1753,0.7388,0.0490,0.3703,0.3240,0.003605,99.98,0.0500,0.00,4,AGOBIO POSTURAL
0.5772,0.3081,0.3599,0.2560,0.7065,0.0453,0.3812,0.4230,0.003080,99.91,0.0500,0.00,4,AGOBIO POSTURAL
0.4724,0.3071,0.5000,0.2609,0.6886,0.0397,0.3983,0.8979,0.002775,114.97,0.0500,0.00,4,AGOBIO POSTURAL
0.3976,0.3071,0.6102,0.1317,0.7060,0.0615,0.4221,0.9982,0.002835,115.23,0.0500,0.00,4,AGOBIO POSTURAL
0.3956,0.3071,0.5710,0.0763,0.7021,0.0804,0.4241,0.8042,0.001500,108.26,0.0500,0.00,4,AGOBIO POSTURAL
0.3548,0.2623,0.5661,0.0252,0.6216,0.1130,0.4174,0.3229,0.001190,100.15,0.0500,0.00,4,AGOBIO POSTURAL
0.3088,0.2623,0.5976,0.0462,0.5148,0.0444,0.4034,0.1778,0.000825,98.23,0.0500,0.00,4,AGOBIO POSTURAL
0.2772,0.2527,0.6607,0.0770,0.4407,0.0618,0.3919,0.1609,0.000505,99.72,0.0500,0.00,4,AGOBIO POSTURAL
0.2543,0.2043,0.7252,0.0344,0.3825,0.0523,0.3810,0.1747,0.000395,101.09,0.0500,0.00,4,AGOBIO POSTURAL
0.2581,0.2043,0.7186,0.0826,0.4035,0.1193,0.3841,0.3220,0.000565,105.09,0.0500,0.00,4,AGOBIO POSTURAL
0.3127,0.2171,0.6429,0.1183,0.5342,0.1578,0.4039,0.3401,0.001735,105.65,0.0500,0.00,4,AGOBIO POSTURAL
0.3660,0.2210,0.5425,0.0727,0.6999,0.1102,0.4287,0.3776,0.002140,124.42,0.0500,0.00,4,AGOBIO POSTURAL
0.3798,0.3411,0.5096,0.0318,0.7387,0.0657,0.4251,0.2599,0.001430,134.75,0.0500,0.00,4,AGOBIO POSTURAL
0.3489,0.2708,0.5173,0.0391,0.6692,0.1201,0.4098,0.1977,0.000770,124.40,0.0500,0.00,4,AGOBIO POSTURAL
0.3352,0.2708,0.5645,0.0388,0.5799,0.0674,0.3954,0.1534,0.000945,107.82,0.0500,0.00,4,AGOBIO POSTURAL
0.4765,0.3151,0.5286,0.0188,0.6320,0.0133,0.4025,0.1639,0.000090,99.89,0.0500,0.00,0,ENFOQUE
0.4703,0.3898,0.5214,0.0124,0.6206,0.0221,0.3989,0.1159,0.000050,99.08,0.0500,0.00,0,ENFOQUE
0.4526,0.3820,0.5168,0.0168,0.6090,0.0198,0.3925,0.1102,0.000010,99.16,0.0500,0.00,0,ENFOQUE
0.4838,0.3820,0.5038,0.0249,0.6100,0.0191,0.3898,0.0899,0.000040,99.20,0.0500,0.00,0,ENFOQUE
0.5188,0.4142,0.5107,0.0384,0.6295,0.0129,0.3925,0.1223,0.000080,99.08,0.0500,0.00,0,ENFOQUE
0.5289,0.4142,0.5067,0.0445,0.6382,0.0106,0.3951,0.1370,0.000125,98.78,0.0500,0.00,0,ENFOQUE
0.5353,0.4142,0.4799,0.0585,0.6474,0.0140,0.3934,0.1248,0.000180,98.91,0.0500,0.00,0,ENFOQUE
0.5659,0.5193,0.4409,0.0179,0.6575,0.0104,0.3927,0.1020,0.000185,98.82,0.0500,0.00,0,ENFOQUE
0.5698,0.5019,0.4421,0.0205,0.6630,0.0059,0.3947,0.0966,0.000145,98.85,0.0500,0.00,0,ENFOQUE
0.5560,0.5019,0.4508,0.0222,0.6618,0.0065,0.4025,0.1197,0.000065,99.45,0.0500,0.00,0,ENFOQUE
0.5360,0.4692,0.4738,0.0433,0.6632,0.0063,0.4073,0.1428,0.000070,99.25,0.0500,0.00,0,ENFOQUE
0.5088,0.4677,0.5071,0.0388,0.6644,0.0078,0.4176,0.1711,0.000150,99.18,0.0500,0.00,0,ENFOQUE
0.4685,0.3001,0.6105,0.1769,0.6593,0.0189,0.4155,0.3993,0.000575,98.98,0.0500,0.00,0,ENFOQUE
0.4667,0.3001,0.6286,0.1675,0.6497,0.0213,0.4109,0.3683,0.001155,97.84,0.0500,0.00,0,ENFOQUE
0.4078,0.2537,0.6380,0.1272,0.6254,0.0173,0.4127,0.2572,0.001425,99.81,0.0500,0.00,0,ENFOQUE
0.4060,0.2537,0.6080,0.1403,0.6085,0.0892,0.4143,0.7852,0.002755,114.13,0.0500,0.00,0,ENFOQUE
0.4503,0.2552,0.5676,0.1616,0.6753,0.1336,0.4136,1.0605,0.004215,129.58,0.0500,0.00,1,DISTRACCIÓN
0.5566,0.4797,0.4437,0.0873,0.7507,0.0758,0.4226,0.7171,0.004545,119.86,0.0500,0.00,1,DISTRACCIÓN
0.5920,0.4459,0.3849,0.0948,0.7428,0.0513,0.4315,0.3510,0.002055,105.21,0.0500,0.00,1,DISTRACCIÓN
0.5952,0.3542,0.3367,0.0452,0.7124,0.0325,0.4411,0.1753,0.001000,96.48,0.0500,0.00,1,DISTRACCIÓN
0.6032,0.3542,0.3421,0.0388,0.7001,0.0188,0.4285,0.0891,0.000275,96.62,0.0500,0.00,1,DISTRACCIÓN
0.6999,0.4589,0.3045,0.0676,0.6974,0.0281,0.4254,0.1544,0.000125,97.38,0.0500,0.00,1,DISTRACCIÓN
0.7422,0.5608,0.2987,0.0631,0.6783,0.0320,0.4220,0.1842,0.000290,97.85,0.0500,0.00,1,DISTRACCIÓN
0.6112,0.5095,0.3930,0.0868,0.6649,0.0398,0.4088,0.2611,0.001260,97.65,0.0500,0.00,1,DISTRACCIÓN
0.5737,0.5095,0.4620,0.0594,0.6460,0.0369,0.3961,0.2302,0.002105,97.61,0.0500,0.00,1,DISTRACCIÓN
0.5136,0.3403,0.5531,0.1199,0.6363,0.0242,0.3936,0.1862,0.001755,97.81,0.0500,0.00,1,DISTRACCIÓN
0.4840,0.3403,0.7382,0.2083,0.6382,0.0298,0.3983,0.1911,0.001025,97.93,0.0500,0.00,1,DISTRACCIÓN
0.4220,0.2771,0.8033,0.1672,0.5816,0.0940,0.4001,0.4029,0.001365,116.91,0.0500,0.00,1,DISTRACCIÓN
0.4039,0.2128,0.6612,0.1989,0.5450,0.0799,0.3912,0.5434,0.002430,128.05,0.0500,0.00,1,DISTRACCIÓN
0.4221,0.2128,0.5124,0.0456,0.5499,0.0780,0.3884,0.6294,0.003470,151.40,0.0500,0.00,1,DISTRACCIÓN
0.5077,0.2824,0.4953,0.0419,0.6195,0.0407,0.3865,0.6062,0.003470,136.12,0.0500,0.00,1,DISTRACCIÓN
0.4977,0.3028,0.4847,0.0250,0.5739,0.0949,0.3790,0.4057,0.002700,104.09,0.0500,0.00,1,DISTRACCIÓN
0.4205,0.3028,0.4813,0.0219,0.5177,0.0785,0.3798,0.2720,0.002230,169.30,0.0500,0.00,1,DISTRACCIÓN
0.3828,0.3028,0.4769,0.0146,0.4836,0.0335,0.3863,0.0860,0.002340,235.01,0.0500,0.00,1,DISTRACCIÓN
0.3675,0.2516,0.6489,0.2524,0.5602,0.0745,0.4059,0.2145,0.002045,227.14,0.0500,0.00,1,DISTRACCIÓN
0.4503,0.2516,0.5926,0.3131,0.5857,0.0595,0.4059,0.4012,0.001525,162.67,0.0500,0.00,1,DISTRACCIÓN
0.6443,0.2516,0.3839,0.3407,0.5938,0.0426,0.4089,0.4101,0.002600,97.42,0.0500,0.00,1,DISTRACCIÓN
0.7017,0.4521,0.3015,0.1877,0.5996,0.0328,0.3940,0.2775,0.004250,96.47,0.0500,0.00,1,DISTRACCIÓN
0.5964,0.4521,0.4498,0.1339,0.6294,0.0173,0.3906,0.1872,0.004315,96.29,0.0500,0.00,1,DISTRACCIÓN
0.5673,0.4521,0.4942,0.0290,0.6380,0.0121,0.3872,0.0714,0.002725,96.53,0.0500,0.00,1,DISTRACCIÓN
0.5800,0.5058,0.4697,0.0219,0.6434,0.0156,0.3925,0.0943,0.000990,96.84,0.0500,0.00,1,DISTRACCIÓN
0.5792,0.5058,0.4577,0.0181,0.6623,0.0164,0.3929,0.0810,0.000420,96.92,0.0500,0.00,1,DISTRACCIÓN
0.5894,0.5058,0.4566,0.0166,0.6749,0.0117,0.3921,0.0673,0.000175,96.72,0.0500,0.00,1,DISTRACCIÓN
0.5756,0.4729,0.4794,0.0319,0.6661,0.0205,0.3930,0.0926,0.000165,98.75,0.0500,0.00,1,DISTRACCIÓN
0.5428,0.4729,0.5106,0.0287,0.6477,0.0200,0.3952,0.1400,0.000210,97.92,0.0500,0.00,1,DISTRACCIÓN
0.4791,0.2539,0.5972,0.1197,0.6143,0.0486,0.3971,0.6434,0.000985,105.08,0.1800,0.00,3,SOBREESTIMULACIÓN
0.4424,0.2539,0.6244,0.1087,0.5875,0.0647,0.3921,0.7989,0.001605,103.26,0.1800,0.00,3,SOBREESTIMULACIÓN
0.4288,0.2539,0.6221,0.0975,0.5964,0.0753,0.3872,0.8463,0.001820,94.54,0.1800,0.00,3,SOBREESTIMULACIÓN
0.4503,0.2710,0.5620,0.0256,0.5864,0.0781,0.3754,0.8635,0.001280,93.80,0.1800,0.00,3,SOBREESTIMULACIÓN
0.4861,0.3325,0.5639,0.0260,0.5893,0.0533,0.3729,0.4996,0.000970,93.54,0.1800,0.00,3,SOBREESTIMULACIÓN
0.4958,0.3050,0.5521,0.0404,0.6475,0.0656,0.3773,0.3988,0.001030,93.49,0.1800,0.00,3,SOBREESTIMULACIÓN
0.4802,0.3050,0.5512,0.0526,0.7077,0.0404,0.3917,0.4021,0.001425,94.00,0.1800,0.00,3,SOBREESTIMULACIÓN
0.4726,0.3050,0.5207,0.0548,0.7315,0.0190,0.4065,0.3759,0.001345,94.99,0.1800,0.00,3,SOBREESTIMULACIÓN
0.4825,0.4033,0.5006,0.0380,0.7206,0.0212,0.4108,0.2878,0.000740,95.46,0.1800,0.00,3,SOBREESTIMULACIÓN
0.4845,0.4033,0.5009,0.0287,0.7083,0.0234,0.4086,0.2585,0.000235,95.89,0.1800,0.00,3,SOBREESTIMULACIÓN
0.4908,0.4231,0.5005,0.0252,0.6857,0.0315,0.4051,0.2941,0.000225,95.77,0.1800,0.00,3,SOBREESTIMULACIÓN
0.4776,0.3148,0.5018,0.0344,0.6710,0.0512,0.3979,0.7913,0.001000,98.67,0.1800,0.00,3,SOBREESTIMULACIÓN
0.4660,0.3148,0.4986,0.0356,0.6271,0.0793,0.3813,0.7529,0.003695,99.20,0.1800,0.00,3,SOBREESTIMULACIÓN
0.4760,0.3148,0.4991,0.0320,0.5819,0.0471,0.3778,0.5782,0.003635,132.77,0.1800,0.00,3,SOBREESTIMULACIÓN
0.5077,0.4152,0.5056,0.0183,0.5904,0.0211,0.3815,0.1132,0.001545,168.85,0.1800,0.00,3,SOBREESTIMULACIÓN
0.4966,0.4021,0.5135,0.0144,0.6016,0.0128,0.3835,0.1012,0.000095,168.74,0.1800,0.00,3,SOBREESTIMULACIÓN
0.5003,0.4021,0.5207,0.0220,0.5965,0.0185,0.3735,0.1235,0.000065,207.57,0.1800,0.00,3,SOBREESTIMULACIÓN
0.5066,0.4021,0.5146,0.0266,0.6015,0.0249,0.3764,0.1414,0.000080,226.47,0.1800,0.00,3,SOBREESTIMULACIÓN
0.5076,0.4123,0.5151,0.0305,0.6373,0.0392,0.3961,0.1684,0.000310,232.84,0.1800,0.00,3,SOBREESTIMULACIÓN
0.5160,0.4630,0.5160,0.0270,0.6464,0.0331,0.4102,0.1893,0.000430,209.61,0.1800,0.00,3,SOBREESTIMULACIÓN
0.5257,0.4299,0.5166,0.0147,0.6204,0.0434,0.4005,0.2560,0.000560,163.46,0.1800,0.00,3,SOBREESTIMULACIÓN
0.5129,0.4107,0.5372,0.0328,0.6119,0.0353,0.3923,0.2864,0.000850,107.28,0.1800,0.00,3,SOBREESTIMULACIÓN
0.4551,0.2143,0.6501,0.1954,0.6279,0.0280,0.4050,0.6667,0.001285,97.99,0.1800,0.00,3,SOBREESTIMULACIÓN
0.4661,0.2143,0.5714,0.2665,0.6290,0.0428,0.4041,0.9441,0.002335,105.30,0.1800,0.00,3,SOBREESTIMULACIÓN
0.4950,0.2761,0.4888,0.1996,0.6120,0.0544,0.3984,0.8613,0.004460,168.74,0.1800,0.00,3,SOBREESTIMULACIÓN
0.5285,0.3539,0.4738,0.0902,0.6133,0.0539,0.3993,0.6816,0.005310,201.45,0.1800,0.00,3,SOBREESTIMULACIÓN
0.5458,0.3537,0.4388,0.0611,0.6161,0.0429,0.4115,0.4250,0.006035,177.97,0.1800,0.00,3,SOBREESTIMULACIÓN
0.4851,0.1673,0.4299,0.0506,0.6424,0.0185,0.4286,0.4309,0.006210,178.26,0.1800,0.00,3,SOBREESTIMULACIÓN
0.4363,0.1673,0.4330,0.0566,0.6212,0.0336,0.4212,0.4820,0.005330,242.88,0.0500,0.00,4,AGOBIO POSTURAL
0.5106,0.1673,0.3933,0.0561,0.6107,0.0374,0.4076,0.4336,0.004290,251.25,0.0500,0.00,4,AGOBIO POSTURAL
0.5844,0.4528,0.3671,0.0369,0.6250,0.0452,0.3988,0.3947,0.003235,203.54,0.0500,0.00,4,AGOBIO POSTURAL
0.5094,0.1973,0.4167,0.0703,0.6223,0.0691,0.3933,0.4707,0.001990,190.51,0.0500,0.00,4,AGOBIO POSTURAL
0.3895,0.1787,0.4736,0.0565,0.5746,0.0761,0.3845,0.3632,0.000790,212.01,0.0500,0.00,4,AGOBIO POSTURAL
0.3373,0.1787,0.4965,0.0197,0.5284,0.0194,0.3775,0.1118,0.000265,243.67,0.0500,0.00,4,AGOBIO POSTURAL
0.3571,0.1787,0.4950,0.0181,0.5336,0.0197,0.3730,0.1012,0.000180,242.31,0.0500,0.00,4,AGOBIO POSTURAL
0.3794,0.2242,0.5044,0.0220,0.5501,0.0396,0.3763,0.1556,0.000140,241.92,0.0500,0.00,4,AGOBIO POSTURAL
0.3794,0.2242,0.4828,0.0976,0.5782,0.0561,0.3849,0.5552,0.000435,205.57,0.0500,0.00,4,AGOBIO POSTURAL
0.4002,0.1904,0.4791,0.0956,0.6074,0.0443,0.3891,0.6461,0.001245,162.43,0.0500,0.00,4,AGOBIO POSTURAL
0.4074,0.1904,0.4814,0.0990,0.5977,0.0473,0.3894,0.4776,0.001610,148.96,0.0500,0.00,4,AGOBIO POSTURAL
0.4495,0.1904,0.5179,0.0339,0.6184,0.0374,0.3971,0.2198,0.001085,155.98,0.0500,0.00,4,AGOBIO POSTURAL
0.4983,0.3847,0.5263,0.0353,0.6286,0.0293,0.4041,0.2189,0.000385,142.75,0.0500,0.00,4,AGOBIO POSTURAL
0.5164,0.3847,0.4893,0.0561,0.6580,0.0470,0.3955,0.2746,0.000515,137.45,0.0500,0.00,4,AGOBIO POSTURAL
0.5437,0.3847,0.4025,0.0863,0.6995,0.0443,0.4057,0.3852,0.001105,182.93,0.0500,0.00,0,ENFOQUE
0.5410,0.3521,0.3010,0.0770,0.7305,0.0358,0.4224,0.4559,0.002875,239.43,0.0500,0.00,0,ENFOQUE
0.4785,0.3521,0.2612,0.0549,0.7346,0.0344,0.4408,0.3630,0.003000,252.66,0.0500,0.00,0,ENFOQUE
0.5249,0.3556,0.1965,0.0867,0.7100,0.0444,0.4398,0.3360,0.001885,251.10,0.0500,0.00,0,ENFOQUE
0.5730,0.3975,0.1139,0.0676,0.6632,0.0436,0.4254,0.3179,0.000585,249.63,0.0500,0.00,0,ENFOQUE
0.6364,0.4790,0.0643,0.0461,0.6343,0.0369,0.4022,0.2192,0.000385,248.73,0.0500,0.00,0,ENFOQUE
0.6740,0.5525,0.0415,0.0291,0.6095,0.0239,0.3774,0.1337,0.000180,249.44,0.0500,0.00,0,ENFOQUE
0.6832,0.5525,0.0398,0.0563,0.6086,0.0476,0.3780,0.2461,0.000110,250.23,0.0500,0.00,0,ENFOQUE
0.6724,0.5255,0.0551,0.0569,0.6049,0.0515,0.3789,0.2748,0.000150,251.17,0.0500,0.00,0,ENFOQUE
0.6641,0.5255,0.0712,0.0747,0.6236,0.0636,0.3849,0.4511,0.000155,251.44,0.0500,0.00,0,ENFOQUE
0.6215,0.4429,0.1549,0.1379,0.6690,0.0858,0.4074,0.4018,0.000345,251.18,0.0500,0.00,0,ENFOQUE
0.5430,0.3578,0.2503,0.1106,0.7359,0.0428,0.4267,0.4037,0.000665,250.96,0.0500,0.00,0,ENFOQUE
0.5504,0.3578,0.2170,0.1273,0.7145,0.0646,0.4058,0.2351,0.000860,251.35,0.0500,0.00,0,ENFOQUE
0.5934,0.3578,0.1367,0.0925,0.6881,0.0537,0.3850,0.3537,0.000610,253.14,0.0500,0.00,0,ENFOQUE
0.5886,0.2474,0.2273,0.1632,0.7004,0.0582,0.3966,0.4527,0.001210,254.12,0.0500,0.00,0,ENFOQUE
0.4725,0.2458,0.4051,0.1658,0.7332,0.0414,0.4200,0.4522,0.002805,239.60,0.0500,0.00,0,ENFOQUE
0.4528,0.2458,0.5310,0.0456,0.7288,0.0453,0.4285,0.3993,0.002635,185.68,0.0500,0.00,0,ENFOQUE
0.5204,0.3656,0.5527,0.0319,0.6906,0.0446,0.4316,0.3135,0.001045,139.15,0.0500,0.00,0,ENFOQUE
0.5431,0.4747,0.5442,0.0403,0.6569,0.0097,0.4372,0.2226,0.000650,179.89,0.0500,0.00,0,ENFOQUE
0.5561,0.5037,0.5278,0.0380,0.6548,0.0085,0.4404,0.1999,0.000610,228.70,0.0500,0.00,0,ENFOQUE
0.5620,0.5120,0.5212,0.0311,0.6603,0.0119,0.4401,0.1635,0.000370,260.39,0.0500,0.00,0,ENFOQUE
0.5641,0.5017,0.5010,0.0443,0.6630,0.0118,0.4389,0.1747,0.000260,259.39,0.0500,0.00,0,ENFOQUE
0.5464,0.4816,0.5044,0.0464,0.6620,0.0133,0.4369,0.1790,0.000190,259.04,0.0500,0.00,0,ENFOQUE
0.5650,0.4816,0.4676,0.0481,0.6595,0.0117,0.4398,0.1734,0.000190,259.50,0.0500,0.00,0,ENFOQUE
0.5924,0.5392,0.4959,0.0692,0.6659,0.0099,0.4396,0.1939,0.000220,259.40,0.0500,0.00,0,ENFOQUE
0.5922,0.5270,0.5010,0.0750,0.6630,0.0107,0.4390,0.2113,0.000320,259.49,0.0500,0.00,0,ENFOQUE
0.5744,0.5270,0.5134,0.0657,0.6597,0.0097,0.4406,0.2076,0.000425,259.87,0.0500,0.00,0,ENFOQUE
0.5579,0.4910,0.5128,0.0622,0.6547,0.0065,0.4393,0.1587,0.000515,259.78,0.0500,0.00,0,ENFOQUE
0.5633,0.4910,0.5389,0.0473,0.6486,0.0109,0.4331,0.1960,0.000665,259.23,0.0500,0.00,0,ENFOQUE
0.5491,0.4910,0.5452,0.0502,0.6442,0.0088,0.4317,0.1706,0.000685,258.98,0.0500,0.00,0,ENFOQUE
0.5663,0.5020,0.5105,0.0539,0.6425,0.0078,0.4353,0.1756,0.000560,259.12,0.0500,0.00,0,ENFOQUE
0.5658,0.5020,0.5156,0.0485,0.6481,0.0074,0.4367,0.1228,0.000410,258.86,0.0500,0.00,0,ENFOQUE
0.5792,0.5410,0.5051,0.0270,0.6481,0.0075,0.4361,0.0900,0.000265,258.91,0.0500,0.00,0,ENFOQUE
0.5595,0.4836,0.5220,0.0107,0.6483,0.0077,0.4386,0.0947,0.000170,259.06,0.0500,0.00,0,ENFOQUE
0.5402,0.4836,0.5037,0.0340,0.6409,0.0098,0.4347,0.1407,0.000175,251.67,0.0500,0.00,0,ENFOQUE
0.5195,0.4803,0.5186,0.0584,0.6331,0.0093,0.4317,0.2131,0.000280,252.21,0.0500,0.00,0,ENFOQUE
0.5091,0.4598,0.5231,0.0653,0.6279,0.0069,0.4276,0.2605,0.000375,252.73,0.0500,0.00,0,ENFOQUE
0.5162,0.4598,0.5017,0.0486,0.6277,0.0065,0.4276,0.2331,0.000390,260.80,0.0500,0.00,0,ENFOQUE
0.5222,0.4444,0.5084,0.0605,0.6305,0.0066,0.4256,0.2461,0.000365,260.37,0.0500,0.00,0,ENFOQUE
0.5341,0.4444,0.5045,0.0590,0.6319,0.0080,0.4266,0.2056,0.000405,259.76,0.0500,0.00,0,ENFOQUE
0.5387,0.4444,0.5188,0.0504,0.6361,0.0086,0.4258,0.2449,0.000470,259.99,0.0500,0.00,0,ENFOQUE
0.5434,0.3456,0.4810,0.0279,0.6364,0.0076,0.4256,0.1926,0.000465,260.46,0.0500,0.00,0,ENFOQUE
0.5221,0.3456,0.4740,0.0276,0.6358,0.0064,0.4238,0.1456,0.000320,260.48,0.0500,0.00,0,ENFOQUE
0.5670,0.3456,0.3704,0.1411,0.6431,0.0176,0.4212,0.2921,0.000950,259.49,0.0500,0.00,0,ENFOQUE
0.6348,0.4319,0.2390,0.1574,0.6509,0.0286,0.4242,0.3206,0.003825,203.44,0.0500,0.00,0,ENFOQUE
0.6519,0.4277,0.1526,0.0570,0.6704,0.0381,0.4239,0.1821,0.005670,147.99,0.0500,0.00,0,ENFOQUE
0.6247,0.4277,0.2127,0.1110,0.6888,0.0309,0.4238,0.3948,0.003815,123.70,0.0500,0.00,0,ENFOQUE
0.5828,0.4277,0.3587,0.1583,0.6897,0.0272,0.4298,0.4138,0.003230,122.26,0.0500,0.00,0,ENFOQUE
0.5750,0.4648,0.4542,0.0954,0.6769,0.0209,0.4334,0.3468,0.005315,97.89,0.0500,0.00,0,ENFOQUE
0.5768,0.5023,0.4588,0.0328,0.6609,0.0131,0.4335,0.2111,0.004940,130.84,0.0500,0.00,0,ENFOQUE
0.5700,0.5023,0.4707,0.0259,0.6585,0.0087,0.4328,0.1351,0.002260,195.96,0.0500,0.00,0,ENFOQUE
0.5045,0.1793,0.4907,0.0264,0.6602,0.0105,0.4309,0.1366,0.000385,259.46,0.0500,0.00,0,ENFOQUE
0.3497,0.2714,0.5666,0.0022,0.6188,0.0050,0.4134,0.0187,0.000000,100.25,0.0500,0.00,0,ENFOQUE
0.3506,0.2714,0.5673,0.0028,0.6190,0.0045,0.4135,0.0177,0.000000,99.83,0.0500,0.00,0,ENFOQUE
0.3331,0.2714,0.5689,0.0031,0.6174,0.0037,0.4153,0.0182,0.000000,99.66,0.0500,0.00,0,ENFOQUE
0.3335,0.2936,0.5778,0.0201,0.6107,0.0083,0.4165,0.0716,0.000015,100.08,0.0500,0.00,0,ENFOQUE
0.3263,0.2592,0.6016,0.0289,0.6070,0.0082,0.4167,0.1278,0.000280,99.12,0.0500,0.00,0,ENFOQUE
0.3456,0.2592,0.6047,0.0262,0.6184,0.0205,0.4181,0.2188,0.000740,98.33,0.0500,0.00,0,ENFOQUE
0.3561,0.2592,0.5767,0.0276,0.6396,0.0201,0.4224,0.1793,0.001515,98.60,0.0500,0.00,0,ENFOQUE
0.3576,0.2955,0.5542,0.0147,0.6583,0.0114,0.4247,0.0779,0.001790,100.04,0.0500,0.00,0,ENFOQUE
0.3453,0.2955,0.5430,0.0058,0.6572,0.0124,0.4249,0.0496,0.001205,100.67,0.0500,0.00,0,ENFOQUE
0.3498,0.3345,0.5384,0.0053,0.6416,0.0289,0.4198,0.0571,0.000350,100.44,0.0500,0.00,0,ENFOQUE
0.3526,0.3252,0.5392,0.0067,0.6112,0.0357,0.4199,0.0833,0.000125,100.74,0.0500,0.00,0,ENFOQUE
0.3606,0.3252,0.5352,0.0182,0.6146,0.0392,0.4217,0.1123,0.000105,100.59,0.0500,0.00,0,ENFOQUE
0.3604,0.3112,0.5338,0.0270,0.6228,0.0319,0.4229,0.1326,0.000105,100.18,0.0500,0.00,0,ENFOQUE
0.3551,0.2722,0.5304,0.0353,0.6129,0.0298,0.4227,0.2077,0.000130,99.73,0.0500,0.00,0,ENFOQUE
0.3500,0.2722,0.5397,0.0367,0.5951,0.0162,0.4221,0.2256,0.000230,99.49,0.0500,0.00,0,ENFOQUE
0.3773,0.2722,0.5101,0.0545,0.6132,0.0329,0.4205,0.3361,0.000535,98.99,0.0500,0.00,0,ENFOQUE
0.3842,0.2794,0.4926,0.0374,0.6253,0.0334,0.4187,0.3547,0.000865,99.06,0.0500,0.00,0,ENFOQUE
0.3543,0.2456,0.5139,0.0344,0.6440,0.0250,0.4196,0.2816,0.000975,100.16,0.0500,0.00,0,ENFOQUE
0.3456,0.2456,0.5122,0.0287,0.6903,0.0562,0.4302,0.2295,0.001120,100.57,0.0500,0.00,0,ENFOQUE
0.3575,0.2456,0.5014,0.0208,0.7144,0.0401,0.4346,0.2092,0.001195,100.72,0.0500,0.00,0,ENFOQUE
0.4061,0.3392,0.5029,0.0168,0.7039,0.0236,0.4289,0.1070,0.000890,100.98,0.0500,0.00,0,ENFOQUE
0.4049,0.3719,0.5158,0.0100,0.6877,0.0097,0.4205,0.0731,0.000305,100.85,0.0500,0.00,0,ENFOQUE
0.4034,0.3719,0.5169,0.0089,0.6825,0.0062,0.4172,0.0715,0.000110,100.27,0.0500,0.00,0,ENFOQUE
0.3878,0.3180,0.5211,0.0078,0.6776,0.0096,0.4181,0.1311,0.000055,99.65,0.0500,0.00,0,ENFOQUE
0.3920,0.3180,0.5293,0.0163,0.6884,0.0238,0.4257,0.4587,0.000200,98.75,0.0500,0.00,0,ENFOQUE
0.3949,0.3185,0.5443,0.0179,0.6930,0.0246,0.4273,0.5396,0.000470,97.62,0.0500,0.00,0,ENFOQUE
0.4222,0.3834,0.4899,0.0836,0.6825,0.0221,0.4263,0.3707,0.000835,98.30,0.0500,0.00,0,ENFOQUE
0.4482,0.3877,0.4091,0.0827,0.6647,0.0094,0.4242,0.2414,0.001400,100.70,0.0500,0.00,0,ENFOQUE
0.4490,0.3877,0.3906,0.0552,0.6608,0.0069,0.4226,0.1814,0.001345,101.99,0.0500,0.00,0,ENFOQUE
0.3942,0.2766,0.4764,0.0763,0.6477,0.0168,0.4220,0.1882,0.001010,100.50,0.0500,0.00,0,ENFOQUE
0.3479,0.2766,0.5482,0.0454,0.6306,0.0211,0.4199,0.2325,0.000965,100.39,0.0500,0.00,0,ENFOQUE
0.3368,0.2766,0.5756,0.0107,0.6097,0.0148,0.4154,0.1531,0.001455,102.06,0.0500,0.00,0,ENFOQUE
0.3627,0.2772,0.5797,0.0185,0.5995,0.0078,0.4127,0.1083,0.001580,103.78,0.0500,0.00,0,ENFOQUE
0.3431,0.1952,0.7172,0.1975,0.5982,0.0119,0.4042,0.4192,0.002145,100.02,0.0500,0.00,1,DISTRACCIÓN
0.3588,0.1952,0.8009,0.1611,0.5866,0.0194,0.4011,0.4453,0.001875,94.81,0.0500,0.00,1,DISTRACCIÓN
0.3800,0.1990,0.8223,0.1154,0.5705,0.0111,0.3980,0.2517,0.001820,91.42,0.0500,0.00,1,DISTRACCIÓN
0.4030,0.3741,0.8087,0.0267,0.5425,0.0338,0.3979,0.1108,0.000870,91.85,0.0500,0.00,1,DISTRACCIÓN
0.4071,0.3816,0.8455,0.0331,0.5223,0.0267,0.3904,0.1150,0.000580,91.01,0.0500,0.00,1,DISTRACCIÓN
0.3943,0.3398,0.8764,0.0160,0.5135,0.0133,0.3870,0.0554,0.000365,89.10,0.0500,0.00,1,DISTRACCIÓN
0.3960,0.3182,0.7251,0.3278,0.5359,0.0354,0.3919,0.4400,0.000555,89.19,0.0500,0.00,1,DISTRACCIÓN
0.5806,0.3182,0.3168,0.5020,0.5954,0.0893,0.3632,0.7550,0.008430,90.88,0.0500,0.00,1,DISTRACCIÓN
0.6135,0.3182,0.1370,0.3177,0.6799,0.0890,0.3648,0.7664,0.012080,93.80,0.0500,0.00,1,DISTRACCIÓN
0.5259,0.4097,0.3553,0.1802,0.7763,0.0578,0.3771,0.4741,0.010285,94.93,0.0500,0.00,1,DISTRACCIÓN
0.5059,0.1864,0.3673,0.1367,0.7597,0.1155,0.3797,0.5904,0.003605,94.95,0.0500,0.00,1,DISTRACCIÓN
0.4076,0.1779,0.3918,0.1492,0.6661,0.1613,0.3895,0.7090,0.005245,96.44,0.0500,0.00,1,DISTRACCIÓN
0.3497,0.1779,0.4153,0.1465,0.5940,0.0891,0.4203,0.6766,0.006795,98.95,0.0500,0.00,1,DISTRACCIÓN
0.3641,0.2470,0.4399,0.0740,0.6494,0.0597,0.4392,0.5373,0.006155,99.90,0.0500,0.00,1,DISTRACCIÓN
0.3968,0.2996,0.4236,0.0885,0.6875,0.0326,0.4302,0.6953,0.007340,97.43,0.0500,0.00,1,DISTRACCIÓN
0.4024,0.3131,0.4444,0.1052,0.7277,0.0781,0.4299,0.7183,0.011695,107.39,0.0500,0.00,1,DISTRACCIÓN
0.3594,0.3131,0.5088,0.0446,0.7950,0.0677,0.4493,0.4759,0.010250,126.76,0.0500,0.00,1,DISTRACCIÓN
0.3810,0.3131,0.4821,0.0223,0.8118,0.0318,0.4517,0.1265,0.004875,178.89,0.0500,0.00,1,DISTRACCIÓN
0.4256,0.3364,0.4546,0.0376,0.7930,0.0362,0.4465,0.1048,0.000245,235.67,0.0500,0.00,1,DISTRACCIÓN
0.4593,0.4156,0.4264,0.0218,0.7759,0.0212,0.4389,0.0827,0.000185,249.52,0.0500,0.00,1,DISTRACCIÓN
0.4410,0.4038,0.4236,0.0118,0.7879,0.0094,0.4386,0.0427,0.000135,248.84,0.0500,0.00,1,DISTRACCIÓN
0.4348,0.4038,0.4306,0.0094,0.7869,0.0119,0.4413,0.0608,0.000030,247.43,0.0500,0.00,1,DISTRACCIÓN
0.4344,0.4038,0.4397,0.0147,0.7813,0.0166,0.4427,0.0708,0.000075,247.97,0.0500,0.00,1,DISTRACCIÓN
0.4401,0.3967,0.4416,0.0150,0.7754,0.0144,0.4438,0.0739,0.000100,250.52,0.0500,0.00,1,DISTRACCIÓN
0.4255,0.3809,0.4512,0.0128,0.7711,0.0160,0.4419,0.0623,0.000050,217.27,0.0500,0.00,1,DISTRACCIÓN
0.4150,0.3809,0.4613,0.0113,0.7575,0.0146,0.4404,0.0614,0.000005,171.57,0.0500,0.00,1,DISTRACCIÓN
0.4197,0.3943,0.4689,0.0101,0.7594,0.0167,0.4397,0.0589,0.000000,125.55,0.0500,0.00,1,DISTRACCIÓN
0.4232,0.4061,0.4733,0.0084,0.7692,0.0165,0.4430,0.0399,0.000000,173.58,0.0500,0.00,1,DISTRACCIÓN
0.4280,0.4061,0.4721,0.0095,0.7819,0.0106,0.4465,0.0497,0.000000,208.84,0.0500,0.00,1,DISTRACCIÓN
0.4316,0.3883,0.4690,0.0113,0.7666,0.0233,0.4419,0.0645,0.000025,190.63,0.0500,0.00,1,DISTRACCIÓN
0.4352,0.3883,0.4644,0.0091,0.7498,0.0185,0.4355,0.0683,0.000060,141.39,0.0500,0.00,1,DISTRACCIÓN
0.4299,0.3883,0.4658,0.0073,0.7473,0.0124,0.4339,0.0449,0.000055,132.32,0.0500,0.00,1,DISTRACCIÓN
0.4305,0.4092,0.4674,0.0066,0.7569,0.0077,0.4345,0.0381,0.000015,131.31,0.0500,0.00,1,DISTRACCIÓN
0.4260,0.4092,0.4741,0.0081,0.7586,0.0072,0.4330,0.0302,0.000000,124.00,0.0500,0.00,1,DISTRACCIÓN
0.4206,0.3680,0.4804,0.0089,0.7618,0.0081,0.4336,0.0417,0.000000,160.45,0.0500,0.00,1,DISTRACCIÓN
0.4165,0.3680,0.4814,0.0079,0.7626,0.0085,0.4352,0.0442,0.000000,210.64,0.0500,0.00,1,DISTRACCIÓN
0.4105,0.3680,0.4857,0.0076,0.7660,0.0073,0.4358,0.0474,0.000000,242.94,0.0500,0.00,1,DISTRACCIÓN
0.4133,0.3888,0.4860,0.0063,0.7676,0.0084,0.4350,0.0372,0.000000,243.37,0.0500,0.00,1,DISTRACCIÓN
0.4053,0.3734,0.4869,0.0054,0.7687,0.0084,0.4352,0.0323,0.000000,242.88,0.0500,0.00,1,DISTRACCIÓN
0.4067,0.3734,0.4898,0.0122,0.7692,0.0110,0.4367,0.0371,0.000000,249.55,0.0500,0.00,1,DISTRACCIÓN
0.3951,0.2887,0.5146,0.0330,0.7688,0.0360,0.4348,0.2098,0.000155,221.40,0.0500,0.00,1,DISTRACCIÓN
0.3263,0.1903,0.6609,0.1723,0.7076,0.0885,0.4097,0.4287,0.002640,222.98,0.0500,0.00,1,DISTRACCIÓN
0.2632,0.1903,0.7513,0.1497,0.5812,0.1760,0.3799,0.6611,0.005575,231.53,0.0500,0.00,1,DISTRACCIÓN
0.2936,0.2122,0.6979,0.1691,0.5743,0.1814,0.3904,0.5865,0.006225,231.04,0.0500,0.00,1,DISTRACCIÓN
0.3658,0.2170,0.5501,0.0715,0.6014,0.1914,0.4169,0.5728,0.003980,174.98,0.0500,0.00,1,DISTRACCIÓN
0.4151,0.3543,0.5186,0.0079,0.6889,0.0219,0.4312,0.1294,0.003190,120.31,0.0500,0.00,1,DISTRACCIÓN
0.3808,0.2526,0.5246,0.0149,0.6362,0.0565,0.4184,0.1697,0.001120,117.07,0.1800,0.00,2,FATIGA
0.3575,0.2526,0.5198,0.0186,0.6081,0.0355,0.4152,0.2297,0.000390,114.17,0.1800,0.00,2,FATIGA
0.3527,0.2811,0.5166,0.0167,0.6514,0.0643,0.4256,0.4063,0.001495,107.43,0.1800,0.00,2,FATIGA
0.3244,0.2682,0.5316,0.0217,0.6826,0.0429,0.4380,0.3598,0.002960,98.35,0.1800,0.00,2,FATIGA
0.2960,0.2682,0.5505,0.0148,0.6823,0.0269,0.4304,0.1220,0.002935,96.86,0.1800,0.00,2,FATIGA
0.2980,0.2682,0.5580,0.0051,0.6698,0.0047,0.4217,0.0400,0.001090,96.46,0.1800,0.00,2,FATIGA
0.3200,0.2795,0.5575,0.0045,0.6650,0.0069,0.4235,0.0260,0.000150,94.50,0.1800,0.00,2,FATIGA
0.3314,0.3193,0.5594,0.0053,0.6605,0.0075,0.4267,0.0209,0.000080,94.14,0.1800,0.00,2,FATIGA
0.3302,0.3222,0.5633,0.0019,0.6575,0.0049,0.4287,0.0213,0.000040,95.73,0.1800,0.00,2,FATIGA
0.3176,0.2869,0.5613,0.0062,0.6641,0.0109,0.4280,0.0351,0.000000,96.92,0.1800,0.00,2,FATIGA
0.3002,0.2669,0.5569,0.0092,0.6707,0.0120,0.4269,0.0444,0.000015,98.79,0.1800,0.00,2,FATIGA
0.2932,0.2669,0.5550,0.0082,0.6774,0.0062,0.4259,0.0460,0.000055,100.17,0.1800,0.00,2,FATIGA
0.3068,0.2669,0.5589,0.0040,0.6740,0.0058,0.4242,0.0375,0.000095,99.74,0.1800,0.00,2,FATIGA
0.3344,0.2995,0.5585,0.0047,0.6650,0.0112,0.4253,0.0678,0.000105,98.34,0.1800,0.00,2,FATIGA
0.3215,0.2563,0.5637,0.0067,0.6327,0.0351,0.4244,0.1691,0.000345,97.48,0.1800,0.00,2,FATIGA
0.2846,0.2444,0.5605,0.0097,0.5932,0.0331,0.4220,0.2395,0.001240,96.84,0.1800,0.00,2,FATIGA
0.2558,0.2297,0.5622,0.0115,0.5715,0.0137,0.4147,0.2258,0.002855,94.66,0.1800,0.00,2,FATIGA
0.2684,0.2297,0.5595,0.0103,0.5863,0.0265,0.4053,0.2152,0.004225,93.46,0.1800,0.00,2,FATIGA
0.2996,0.2297,0.5497,0.0183,0.6240,0.0333,0.4014,0.1785,0.004455,92.07,0.1800,0.00,2,FATIGA
0.3530,0.2943,0.5098,0.0410,0.6836,0.0547,0.4160,0.2229,0.003760,87.11,0.1800,0.00,2,FATIGA
0.3780,0.3064,0.4689,0.0317,0.7403,0.0415,0.4319,0.2113,0.003700,94.53,0.1800,0.00,2,FATIGA
0.3720,0.3064,0.4591,0.0165,0.7355,0.0437,0.4350,0.2129,0.003580,111.52,0.1800,0.00,2,FATIGA
0.3485,0.3030,0.4790,0.0248,0.6869,0.0438,0.4285,0.2202,0.002855,115.28,0.1800,0.00,2,FATIGA
0.3542,0.3030,0.4944,0.0102,0.6703,0.0201,0.4267,0.1975,0.001965,85.88,0.1800,0.00,2,FATIGA
0.3655,0.2951,0.4984,0.0111,0.6789,0.0147,0.4331,0.2078,0.001870,89.37,0.1800,0.00,2,FATIGA
0.3456,0.2951,0.5118,0.0187,0.6830,0.0093,0.4365,0.2011,0.003195,96.25,0.1800,0.00,2,FATIGA
0.3360,0.2951,0.5258,0.0117,0.6982,0.0231,0.4321,0.1790,0.004945,99.82,0.1800,0.00,2,FATIGA
0.3589,0.2962,0.5304,0.0142,0.7153,0.0375,0.4258,0.3313,0.004595,98.68,0.1800,0.00,2,FATIGA
0.3667,0.2962,0.5441,0.0191,0.6941,0.0536,0.4306,0.4514,0.004915,96.35,0.1800,0.00,2,FATIGA
0.3557,0.2962,0.5489,0.0170,0.6998,0.0617,0.4427,0.5346,0.007470,96.68,0.1800,0.00,2,FATIGA
0.3596,0.3195,0.5333,0.0249,0.6929,0.0572,0.4437,0.5835,0.008755,96.81,0.1800,0.00,2,FATIGA
0.3313,0.2578,0.5445,0.0395,0.6603,0.0663,0.4332,0.5328,0.011355,96.09,0.1800,0.00,2,FATIGA
0.3291,0.2578,0.5854,0.0381,0.6256,0.0171,0.4264,0.3177,0.013625,96.27,0.1800,0.00,2,FATIGA
0.3323,0.2578,0.5995,0.0219,0.6346,0.0161,0.4308,0.2555,0.011005,96.40,0.1800,0.00,2,FATIGA
0.3421,0.3192,0.5653,0.0428,0.6461,0.0093,0.4374,0.2424,0.006760,96.61,0.1800,0.00,2,FATIGA
0.3460,0.3089,0.5305,0.0210,0.6366,0.0132,0.4446,0.1343,0.007745,98.09,0.1800,0.00,2,FATIGA
0.3312,0.2639,0.5356,0.0225,0.6241,0.0157,0.4450,0.1715,0.007970,99.57,0.1800,0.00,2,FATIGA
0.2954,0.2266,0.5605,0.0206,0.5925,0.0346,0.4362,0.3294,0.005370,97.99,0.1800,0.00,2,FATIGA
0.2842,0.2266,0.5779,0.0157,0.5798,0.0275,0.4197,0.3510,0.005045,95.43,0.1800,0.00,2,FATIGA
0.3174,0.2266,0.5806,0.0135,0.5802,0.0239,0.4072,0.1560,0.007350,96.22,0.1800,0.00,2,FATIGA
0.3574,0.3078,0.5770,0.0061,0.5922,0.0071,0.4028,0.0528,0.006555,96.34,0.1800,0.00,2,FATIGA
0.3430,0.2261,0.5812,0.0090,0.5896,0.0076,0.4065,0.0797,0.003110,95.83,0.1800,0.00,2,FATIGA
0.3083,0.2261,0.5855,0.0097,0.5900,0.0071,0.4151,0.1029,0.001105,98.90,0.1800,0.00,2,FATIGA
0.3127,0.2261,0.5782,0.0124,0.5966,0.0086,0.4260,0.0852,0.001000,103.97,0.1800,0.00,2,FATIGA
0.3491,0.2530,0.5683,0.0109,0.6012,0.0082,0.4311,0.0433,0.001025,107.79,0.1800,0.00,2,FATIGA
0.3697,0.3435,0.5629,0.0028,0.6097,0.0056,0.4311,0.0212,0.000555,108.30,0.1800,0.00,2,FATIGA
0.3530,0.3070,0.5658,0.0065,0.6114,0.0055,0.4293,0.0475,0.000170,107.12,0.1800,0.00,2,FATIGA
0.3433,0.3067,0.5980,0.0548,0.6310,0.0258,0.4279,0.2160,0.000435,105.79,0.1800,0.00,3,SOBREESTIMULACIÓN
0.3478,0.3067,0.6048,0.0637,0.6892,0.0761,0.4267,0.6488,0.002465,120.68,0.1800,0.00,3,SOBREESTIMULACIÓN
0.3669,0.2575,0.5911,0.0808,0.6987,0.1025,0.4270,0.9997,0.004540,134.72,0.1800,0.00,3,SOBREESTIMULACIÓN
0.3437,0.2313,0.5648,0.0664,0.5757,0.1592,0.4164,0.8403,0.005325,162.16,0.1800,0.00,3,SOBREESTIMULACIÓN
0.3408,0.2313,0.6472,0.1518,0.5202,0.1286,0.4037,0.7914,0.004085,196.86,0.1800,0.00,3,SOBREESTIMULACIÓN
0.3463,0.2854,0.6736,0.1273,0.5334,0.0563,0.3996,0.3427,0.002580,201.80,0.1800,0.00,3,SOBREESTIMULACIÓN
0.3575,0.3163,0.5921,0.0723,0.5650,0.0105,0.4028,0.2089,0.001235,195.14,0.1800,0.00,3,SOBREESTIMULACIÓN
0.3534,0.3163,0.5529,0.0198,0.5606,0.0132,0.4006,0.1256,0.000670,179.14,0.1800,0.00,3,SOBREESTIMULACIÓN
0.3539,0.2775,0.5474,0.0159,0.5674,0.0183,0.3994,0.1139,0.000315,166.25,0.1800,0.00,3,SOBREESTIMULACIÓN
0.3483,0.2775,0.5579,0.0247,0.5928,0.0470,0.4011,0.1706,0.000185,181.53,0.1800,0.00,3,SOBREESTIMULACIÓN
0.3536,0.2775,0.5776,0.0874,0.6580,0.0819,0.4129,0.3426,0.000775,213.63,0.1800,0.00,3,SOBREESTIMULACIÓN
0.4269,0.3337,0.4313,0.2295,0.6763,0.0637,0.4022,0.6151,0.003365,197.42,0.1800,0.00,3,SOBREESTIMULACIÓN
0.4158,0.3118,0.3455,0.1673,0.6352,0.0679,0.3977,0.7163,0.006865,213.16,0.1800,0.00,3,SOBREESTIMULACIÓN
0.3836,0.2667,0.4688,0.2632,0.6323,0.0618,0.4055,0.7236,0.009110,207.94,0.1800,0.00,3,SOBREESTIMULACIÓN
0.3402,0.2038,0.5764,0.2231,0.6488,0.0602,0.4148,0.7914,0.006270,243.62,0.1800,0.00,3,SOBREESTIMULACIÓN
0.3323,0.2038,0.6224,0.1957,0.5739,0.0807,0.4095,0.7192,0.003870,236.25,0.1800,0.00,3,SOBREESTIMULACIÓN
0.3539,0.2038,0.5089,0.0750,0.5226,0.0720,0.4181,0.7450,0.003210,243.79,0.1800,0.00,3,SOBREESTIMULACIÓN
0.3557,0.2578,0.4911,0.0548,0.5138,0.0477,0.4116,0.6321,0.004455,217.94,0.1800,0.00,3,SOBREESTIMULACIÓN
0.3373,0.2578,0.4823,0.0590,0.5439,0.0719,0.4068,0.5775,0.006325,166.00,0.1800,0.00,3,SOBREESTIMULACIÓN
0.3399,0.2329,0.5337,0.0662,0.5935,0.0356,0.4045,0.4745,0.005395,107.82,0.1800,0.00,3,SOBREESTIMULACIÓN
0.3373,0.2329,0.5665,0.0256,0.5931,0.0336,0.4037,0.4436,0.002920,147.29,0.1800,0.00,3,SOBREESTIMULACIÓN
0.3512,0.2329,0.5377,0.0806,0.6018,0.0441,0.4058,0.8082,0.002285,143.81,0.1800,0.00,3,SOBREESTIMULACIÓN
0.3641,0.2246,0.4847,0.0803,0.5955,0.0598,0.4073,0.8460,0.002500,116.97,0.1800,0.00,3,SOBREESTIMULACIÓN
0.3777,0.2246,0.4779,0.1028,0.5872,0.0543,0.4080,0.8024,0.002520,101.52,0.1800,0.00,3,SOBREESTIMULACIÓN
0.4064,0.2246,0.4648,0.0943,0.6083,0.0610,0.4113,0.5581,0.001790,101.41,0.1800,0.00,3,SOBREESTIMULACIÓN
0.4295,0.3582,0.4691,0.0848,0.6545,0.0183,0.4161,0.3974,0.001200,102.23,0.1800,0.00,3,SOBREESTIMULACIÓN
0.4180,0.3629,0.4572,0.0184,0.6590,0.0128,0.4194,0.1021,0.000760,103.92,0.1800,0.00,3,SOBREESTIMULACIÓN
0.3943,0.2852,0.4819,0.0390,0.6643,0.0213,0.4173,0.1678,0.000435,113.76,0.1800,0.00,3,SOBREESTIMULACIÓN
0.3941,0.2852,0.5579,0.0758,0.7184,0.0744,0.4237,0.2322,0.000485,172.82,0.0500,0.00,4,AGOBIO POSTURAL
0.3945,0.2852,0.6129,0.0543,0.7794,0.0502,0.4371,0.2257,0.000770,229.40,0.0500,0.00,4,AGOBIO POSTURAL
0.4034,0.3744,0.5665,0.0819,0.7923,0.0193,0.4481,0.1454,0.000760,223.32,0.0500,0.00,4,AGOBIO POSTURAL
0.3900,0.3295,0.4963,0.0693,0.7762,0.0615,0.4494,0.3850,0.000420,189.41,0.0500,0.00,4,AGOBIO POSTURAL
0.3740,0.2859,0.4622,0.0438,0.6895,0.1304,0.4340,0.6722,0.000650,163.96,0.0500,0.00,4,AGOBIO POSTURAL
0.3829,0.2859,0.4727,0.0479,0.6405,0.1176,0.4255,0.7712,0.002240,176.58,0.0500,0.00,4,AGOBIO POSTURAL
0.3658,0.2532,0.4713,0.0650,0.6050,0.1059,0.4185,0.6739,0.004110,217.62,0.0500,0.00,4,AGOBIO POSTURAL
0.3435,0.2198,0.5481,0.3053,0.5573,0.0620,0.3982,0.8454,0.004575,211.64,0.0500,0.00,4,AGOBIO POSTURAL
0.3641,0.2198,0.5310,0.3113,0.5870,0.0493,0.3962,0.6926,0.004435,156.18,0.0500,0.00,4,AGOBIO POSTURAL
0.4077,0.3310,0.4052,0.0408,0.6270,0.0125,0.4031,0.1902,0.003295,101.61,0.0500,0.00,4,AGOBIO POSTURAL
0.3975,0.3014,0.3947,0.0242,0.6264,0.0121,0.4077,0.0822,0.001840,101.58,0.0500,0.00,4,AGOBIO POSTURAL
0.3392,0.1909,0.4543,0.0796,0.5255,0.1925,0.4081,0.3389,0.000855,132.78,0.0500,0.00,4,AGOBIO POSTURAL
0.3386,0.1909,0.4812,0.0631,0.5771,0.2269,0.4195,0.8126,0.004175,164.06,0.0500,0.00,4,AGOBIO POSTURAL
0.3424,0.1909,0.4831,0.0617,0.5879,0.2339,0.4122,0.9622,0.006305,160.42,0.0500,0.00,4,AGOBIO POSTURAL
0.3213,0.2201,0.4571,0.0318,0.6208,0.0836,0.4090,0.4115,0.009305,101.88,0.0500,0.00,4,AGOBIO POSTURAL
0.2639,0.2201,0.4647,0.0353,0.5573,0.0193,0.4044,0.3265,0.008065,92.49,0.0500,0.00,4,AGOBIO POSTURAL
0.2596,0.2201,0.4781,0.0192,0.5742,0.0279,0.4073,0.2456,0.004325,94.16,0.0500,0.00,4,AGOBIO POSTURAL
0.2819,0.2245,0.4822,0.0171,0.6128,0.0388,0.4081,0.1989,0.001660,95.08,0.0500,0.00,4,AGOBIO POSTURAL
0.3064,0.2609,0.4834,0.0142,0.6442,0.0168,0.4100,0.1915,0.001480,96.91,0.0500,0.00,4,AGOBIO POSTURAL
0.3033,0.2415,0.5064,0.0325,0.6315,0.0279,0.4135,0.2936,0.001555,99.16,0.0500,0.00,4,AGOBIO POSTURAL
0.3006,0.2415,0.5268,0.0301,0.6289,0.0256,0.4166,0.4476,0.001945,99.71,0.0500,0.00,4,AGOBIO POSTURAL
0.3237,0.2797,0.5326,0.0158,0.6644,0.0427,0.4265,0.4424,0.005765,99.72,0.0500,0.00,4,AGOBIO POSTURAL
0.3537,0.3046,0.5292,0.0135,0.7106,0.0388,0.4385,0.3544,0.011215,99.87,0.0500,0.00,4,AGOBIO POSTURAL
0.3805,0.3533,0.5284,0.0059,0.7410,0.0101,0.4466,0.0855,0.012245,99.77,0.0500,0.00,4,AGOBIO POSTURAL
0.3695,0.2785,0.5284,0.0053,0.7541,0.0125,0.4509,0.0779,0.006485,96.05,0.0500,0.00,4,AGOBIO POSTURAL
0.3638,0.2718,0.5178,0.0180,0.7403,0.0497,0.4459,0.3135,0.001500,92.20,0.0500,0.00,4,AGOBIO POSTURAL
0.3417,0.2718,0.5126,0.0186,0.6513,0.1150,0.4301,0.4152,0.003185,125.30,0.0500,0.00,4,AGOBIO POSTURAL
0.3353,0.2718,0.5114,0.0187,0.5893,0.0833,0.4136,0.5948,0.008150,128.02,0.0500,0.00,4,AGOBIO POSTURAL
0.3498,0.2772,0.5317,0.0159,0.6197,0.0886,0.4137,0.2868,0.009625,131.90,0.0500,0.00,4,AGOBIO POSTURAL
0.3820,0.3352,0.5361,0.0132,0.6871,0.0210,0.4155,0.2604,0.006130,100.39,0.0500,0.00,4,AGOBIO POSTURAL
0.3802,0.3305,0.5560,0.0351,0.6924,0.0166,0.4219,0.2182,0.002525,99.20,0.0500,0.00,4,AGOBIO POSTURAL
0.3628,0.3305,0.5626,0.0408,0.6781,0.0261,0.4190,0.3380,0.001490,98.04,0.0500,0.00,4,AGOBIO POSTURAL
0.3652,0.3305,0.5334,0.0649,0.6579,0.0291,0.4140,0.2649,0.002190,97.55,0.0500,0.00,4,AGOBIO POSTURAL
0.3845,0.3413,0.4439,0.0591,0.6337,0.0093,0.4082,0.1900,0.002300,98.34,0.0500,0.00,4,AGOBIO POSTURAL
0.3737,0.2840,0.4021,0.0348,0.6279,0.0142,0.4098,0.1574,0.001705,106.88,0.0500,0.00,4,AGOBIO POSTURAL
0.3594,0.2840,0.4422,0.0683,0.6065,0.0232,0.4123,0.1608,0.000830,109.42,0.0500,0.00,4,AGOBIO POSTURAL
0.3423,0.2454,0.4964,0.0457,0.6145,0.0357,0.4177,0.2646,0.000620,109.54,0.0500,0.00,0,ENFOQUE
0.3575,0.2454,0.5058,0.0541,0.6236,0.0330,0.4179,0.2861,0.000560,97.80,0.0500,0.00,0,ENFOQUE
0.3548,0.2946,0.4998,0.0623,0.6277,0.0157,0.4174,0.2717,0.000405,97.18,0.0500,0.00,0,ENFOQUE
0.3566,0.3187,0.4834,0.0611,0.6148,0.0206,0.4176,0.3070,0.000280,97.44,0.0500,0.00,0,ENFOQUE
0.3615,0.3313,0.4652,0.0545,0.6070,0.0269,0.4136,0.2493,0.000205,98.31,0.0500,0.00,0,ENFOQUE
0.3778,0.3359,0.4373,0.0305,0.6023,0.0205,0.4117,0.2013,0.000205,138.38,0.0500,0.00,0,ENFOQUE
0.3664,0.2266,0.4833,0.0687,0.5970,0.0170,0.4082,0.2147,0.000420,201.68,0.0500,0.00,0,ENFOQUE
0.3284,0.2266,0.5362,0.0386,0.5944,0.0218,0.4098,0.2573,0.000890,256.21,0.0500,0.00,0,ENFOQUE
0.3009,0.2170,0.5420,0.0281,0.5886,0.0218,0.4123,0.2759,0.000950,257.13,0.0500,0.00,0,ENFOQUE
0.3246,0.2170,0.5236,0.0239,0.6004,0.0145,0.4101,0.2855,0.000820,257.13,0.0500,0.00,0,ENFOQUE
0.3492,0.2170,0.5140,0.0219,0.6043,0.0149,0.4084,0.2941,0.000675,256.76,0.0500,0.00,0,ENFOQUE
0.3588,0.2527,0.5269,0.0167,0.6167,0.0148,0.4109,0.1944,0.000535,254.58,0.0500,0.00,0,ENFOQUE
0.3574,0.2527,0.5296,0.0124,0.6184,0.0132,0.4105,0.1619,0.000255,254.63,0.0500,0.00,0,ENFOQUE
0.3435,0.2527,0.5343,0.0125,0.6123,0.0147,0.4128,0.1737,0.000125,256.07,0.0500,0.00,0,ENFOQUE
0.3495,0.3146,0.5363,0.0141,0.6059,0.0112,0.4092,0.1953,0.000155,256.66,0.0500,0.00,0,ENFOQUE
0.3537,0.3175,0.5388,0.0135,0.6116,0.0186,0.4085,0.1880,0.000155,255.55,0.0500,0.00,0,ENFOQUE
0.3605,0.3175,0.5391,0.0104,0.6200,0.0192,0.4095,0.2403,0.000135,255.49,0.0500,0.00,0,ENFOQUE
0.3668,0.3175,0.5337,0.0162,0.6262,0.0180,0.4157,0.3237,0.000140,248.75,0.0500,0.00,0,ENFOQUE
0.3501,0.2697,0.5245,0.0163,0.6181,0.0190,0.4270,0.3749,0.000660,191.14,0.0500,0.00,0,ENFOQUE
0.3118,0.2225,0.5281,0.0411,0.6006,0.0409,0.4376,0.4585,0.001295,136.60,0.0500,0.00,0,ENFOQUE
0.2780,0.2202,0.6014,0.1416,0.5787,0.0476,0.4352,0.7225,0.001540,116.05,0.0500,0.00,0,ENFOQUE
0.2893,0.2202,0.5997,0.1430,0.5744,0.0369,0.4313,0.6473,0.001330,114.78,0.0500,0.00,0,ENFOQUE
0.2980,0.2391,0.5667,0.1470,0.5925,0.0295,0.4301,0.5193,0.001400,120.68,0.0500,0.00,0,ENFOQUE
0.3188,0.2762,0.4759,0.0408,0.6061,0.0084,0.4312,0.1287,0.001025,140.64,0.0500,0.00,0,ENFOQUE
0.3772,0.2939,0.4180,0.0594,0.6180,0.0264,0.4256,0.2573,0.000920,136.04,0.0500,0.00,0,ENFOQUE
0.4542,0.3340,0.3916,0.0341,0.6570,0.0466,0.4147,0.2813,0.003020,107.95,0.0500,0.00,0,ENFOQUE
0.4315,0.2667,0.4049,0.0517,0.6738,0.0324,0.4141,0.4824,0.006080,138.89,0.0500,0.00,0,ENFOQUE
0.3519,0.2508,0.4081,0.0421,0.6578,0.0270,0.4239,0.5086,0.010345,175.64,0.0500,0.00,0,ENFOQUE
0.3640,0.2508,0.3760,0.0239,0.6418,0.0112,0.4262,0.4514,0.012320,173.06,0.0500,0.00,0,ENFOQUE
0.3921,0.2912,0.3992,0.0507,0.6244,0.0249,0.4222,0.6103,0.010130,111.12,0.0500,0.00,0,ENFOQUE
0.3580,0.2463,0.4326,0.0666,0.6085,0.0243,0.4259,0.5396,0.009660,118.50,0.0500,0.00,0,ENFOQUE
